"id","num_packets","btp","EWMA_btp_09","EWMA_btp_08","EWMA_btp_07","EWMA_btp_06","EWMA_btp_05","EWMA_btp_04","EWMA_btp_03","EWMA_btp_02","EWMA_btp_01","ppl","EWMA_ppl_09","EWMA_ppl_08","EWMA_ppl_07","EWMA_ppl_06","EWMA_ppl_05","EWMA_ppl_04","EWMA_ppl_03","EWMA_ppl_02","EWMA_ppl_01","date"
"1","320","916.4","902.710022","890.0900269","878.2999878","867.4400024","858","850.7600098","846.5999756","847.1300049","863.8099976","0.2","0.189999998","0.180000007","0.189999998","0.189999998","0.209999993","0.230000004","0.270000011","0.310000002","0.330000013","2018-06-25 15:47:55"
"2","330","998.43","988.8599854","976.7600098","962.3900146","946.039978","928.2199707","909.8300171","892.1500244","877.3900146","877.2700195","1","0.910000026","0.829999983","0.75","0.670000017","0.600000024","0.540000021","0.49000001","0.449999988","0.400000006","2018-06-25 15:48:06"
"3","340","836.71","851.9299927","864.7199707","874.4199829","880.4400024","882.4699707","880.5800171","875.5200195","869.25","873.210022","1","0.99000001","0.959999979","0.920000017","0.870000005","0.800000012","0.720000029","0.639999986","0.560000002","0.460000008","2018-06-25 15:48:15"
"4","350","929.68","921.9099731","916.6900024","913.0999756","909.9899902","906.0700073","900.2199707","891.7700195","881.3400269","878.8599854","0.8","0.810000002","0.829999983","0.829999983","0.819999993","0.800000012","0.75","0.689999998","0.600000024","0.49000001","2018-06-25 15:48:25"
"5","360","712.5","733.4400024","753.3300171","772.6799927","791.4899902","809.2800293","825.1300049","837.9899902","847.5700073","862.2199707","0.4","0.439999998","0.479999989","0.529999971","0.569999993","0.600000024","0.610000014","0.600000024","0.560000002","0.479999989","2018-06-25 15:48:34"
"6","370","881.25","866.460022","855.6599731","848.6699829","845.3400269","845.2600098","847.5800171","850.960022","854.2999878","864.1300049","0.5","0.49000001","0.49000001","0.5","0.519999981","0.550000012","0.560000002","0.569999993","0.550000012","0.479999989","2018-06-25 15:48:45"
"7","380","971.87","961.3300171","948.6300049","934.9099731","921.2600098","908.5700073","897.289978","887.2399902","877.8200073","874.9000244","0.7","0.670000017","0.649999976","0.639999986","0.629999995","0.620000005","0.620000005","0.610000014","0.579999983","0.50999999","2018-06-25 15:48:56"
"8","390","845.31","856.9099731","865.9699707","872.1900024","875.6900024","876.9400024","876.5","874.6599731","871.3200073","871.9400024","0.4","0.419999987","0.449999988","0.469999999","0.49000001","0.50999999","0.529999971","0.540000021","0.540000021","0.49000001","2018-06-25 15:49:06"
"9","400","743.75","755.0599976","768.1900024","782.2800293","796.5200195","810.3400269","823.4000244","835.3800049","845.7999878","859.1199951","0.7","0.670000017","0.649999976","0.629999995","0.610000014","0.600000024","0.589999974","0.589999974","0.569999993","0.50999999","2018-06-25 15:49:15"
"10","410","1028.9","1001.52002","976.7600098","954.9099731","935.9500122","919.6199951","905.5999756","893.4400024","882.4199829","876.0999756","0.5","0.50999999","0.529999971","0.529999971","0.540000021","0.550000012","0.550000012","0.560000002","0.560000002","0.50999999","2018-06-25 15:49:27"
"11","420","927.34","934.7600098","937.2199707","935.6099854","930.7800293","923.4799805","914.289978","903.6099854","891.4099731","881.2199707","0.5","0.5","0.5","0.50999999","0.50999999","0.519999981","0.529999971","0.540000021","0.540000021","0.50999999","2018-06-25 15:49:38"
"12","430","1061.71","1049.02002","1036.819946","1023.880005","1009.340027","992.5999756","973.2600098","951.039978","925.4699707","899.2700195","0.7","0.680000007","0.660000026","0.639999986","0.620000005","0.610000014","0.600000024","0.589999974","0.569999993","0.529999971","2018-06-25 15:49:50"
"13","440","1054.68","1054.119995","1051.109985","1045.439941","1036.550049","1023.640015","1005.830017","982.1300049","951.3099976","914.8099976","0.7","0.689999998","0.689999998","0.680000007","0.670000017","0.649999976","0.639999986","0.620000005","0.600000024","0.550000012","2018-06-25 15:50:01"
"14","450","655.46","695.3300171","734.5900269","772.460022","807.9000244","839.5499878","865.6799927","884.1300049","892.1400146","888.8800049","0.8","0.779999971","0.769999981","0.75999999","0.74000001","0.720000029","0.699999988","0.670000017","0.639999986","0.569999993","2018-06-25 15:50:10"
"15","460","687.5","688.2800293","696.9099731","712.9799805","735.6599731","763.5200195","794.4099731","825.1400146","851.210022","868.7399902","0.9","0.879999995","0.870000005","0.850000024","0.829999983","0.810000002","0.779999971","0.74000001","0.689999998","0.600000024","2018-06-25 15:50:18"
"16","470","887.5","867.5700073","849.3800049","835.1400146","826.7600098","825.5100098","831.6400146","843.8499756","858.4699707","870.6199951","1","0.980000019","0.970000029","0.949999988","0.930000007","0.899999976","0.860000014","0.819999993","0.75","0.639999986","2018-06-25 15:50:28"
"17","480","612.5","638","659.8699951","679.289978","698.2000122","719","743.9799805","774.4400024","809.2700195","844.7999878","0.8","0.810000002","0.829999983","0.839999974","0.850000024","0.850000024","0.839999974","0.810000002","0.75999999","0.660000026","2018-06-25 15:50:36"
"18","490","735.93","726.1400146","720.7199707","718.9400024","720.8400269","727.4699707","740.7600098","762.8900146","794.6099854","833.9199829","0.7","0.709999979","0.720000029","0.74000001","0.75999999","0.769999981","0.779999971","0.779999971","0.75","0.660000026","2018-06-25 15:50:45"
"19","500","794.53","787.6900024","779.7700195","771.8499756","765.0499878","761","762.2700195","772.3800049","794.5900269","829.9799805","0.6","0.610000014","0.620000005","0.639999986","0.660000026","0.680000007","0.709999979","0.720000029","0.720000029","0.649999976","2018-06-25 15:50:54"
"20","510","864.06","856.4199829","847.2000122","836.4000244","824.460022","812.5300293","802.9799805","799.8800049","808.4799805","833.3900146","0.5","0.50999999","0.519999981","0.540000021","0.560000002","0.589999974","0.620000005","0.649999976","0.670000017","0.639999986","2018-06-25 15:51:05"
"21","520","997.65","983.5300293","967.5599976","949.2700195","928.3699951","905.0900269","880.8499756","859.210022","846.3200073","849.8099976","0.4","0.409999996","0.419999987","0.439999998","0.460000008","0.49000001","0.529999971","0.579999983","0.620000005","0.610000014","2018-06-25 15:51:16"
"22","530","951.56","954.75","954.7600098","950.8699951","942.2800293","928.3200073","909.1300049","886.9199829","867.3599854","859.9899902","1","0.939999998","0.879999995","0.829999983","0.779999971","0.74000001","0.720000029","0.699999988","0.689999998","0.649999976","2018-06-25 15:51:27"
"23","540","1129.68","1112.189941","1094.699951","1076.040039","1054.719971","1029","997.3499756","959.75","919.8300171","886.960022","0.6","0.629999995","0.649999976","0.660000026","0.670000017","0.670000017","0.670000017","0.670000017","0.670000017","0.649999976","2018-06-25 15:51:38"
"24","550","1187.5","1179.959961","1168.939941","1154.060059","1134.390015","1108.25","1073.410034","1028.069946","973.3599854","917.0100098","0.6","0.600000024","0.610000014","0.620000005","0.620000005","0.629999995","0.639999986","0.649999976","0.660000026","0.639999986","2018-06-25 15:51:53"
"25","560","836.71","871.039978","903.1599731","931.9199829","955.7800293","972.4799805","978.7299805","970.6599731","946.0300293","908.9799805","0.7","0.689999998","0.680000007","0.670000017","0.670000017","0.660000026","0.660000026","0.660000026","0.660000026","0.649999976","2018-06-25 15:52:03"
"26","570","582.03","610.9299927","646.25","686.9899902","731.5300293","777.25","820.0499878","854.0700073","873.2299805","876.2800293","0.8","0.779999971","0.769999981","0.75999999","0.74000001","0.730000019","0.709999979","0.699999988","0.689999998","0.660000026","2018-06-25 15:52:10"
"27","580","1266.4","1200.849976","1142.369995","1092.579956","1052.449951","1021.830017","998.5900269","977.7700195","951.8699951","915.2999878","0.6","0.610000014","0.629999995","0.639999986","0.649999976","0.660000026","0.670000017","0.670000017","0.670000017","0.660000026","2018-06-25 15:52:25"
"28","590","854.68","889.2999878","912.2199707","926.0499878","933.789978","938.2600098","941.0300293","940.8400269","932.4299927","909.2299805","0.8","0.779999971","0.75999999","0.75","0.74000001","0.730000019","0.720000029","0.709999979","0.699999988","0.670000017","2018-06-25 15:52:34"
"29","600","960.15","953.0700073","950.5700073","949.9199829","949.6099854","949.2000122","948.6799927","946.6400146","937.9699707","914.3300171","1","0.970000029","0.949999988","0.920000017","0.889999986","0.860000014","0.829999983","0.790000021","0.75999999","0.699999988","2018-06-25 15:52:45"
"30","610","1025.78","1018.51001","1010.72998","1003.02002","995.3099976","987.4899902","979.5200195","970.3800049","955.5300293","925.4699707","0.5","0.540000021","0.589999974","0.620000005","0.649999976","0.680000007","0.699999988","0.699999988","0.699999988","0.680000007","2018-06-25 15:52:57"
"31","620","798.43","820.4400024","840.8900146","859.8099976","877.1799927","892.960022","907.0800171","918.789978","924.1099854","912.7700195","0.7","0.680000007","0.670000017","0.670000017","0.680000007","0.689999998","0.699999988","0.699999988","0.699999988","0.680000007","2018-06-25 15:53:05"
"32","630","829.68","828.7600098","831.9199829","838.7199707","848.6799927","861.3200073","876.1199951","892.0599976","905.2299805","904.460022","0.8","0.779999971","0.769999981","0.75999999","0.75","0.74000001","0.74000001","0.730000019","0.720000029","0.689999998","2018-06-25 15:53:15"
"33","640","1114.06","1085.530029","1057.630005","1031.459961","1007.909973","987.6900024","971.2999878","958.6599731","946.9899902","925.4199829","1","0.970000029","0.949999988","0.920000017","0.899999976","0.870000005","0.839999974","0.810000002","0.779999971","0.720000029","2018-06-25 15:53:27"
"34","650","829.68","855.2700195","875.2700195","890.210022","900.9699707","908.6900024","914.6500244","919.9699707","923.5300293","915.8499756","1","0.99000001","0.99000001","0.970000029","0.959999979","0.930000007","0.899999976","0.860000014","0.819999993","0.75","2018-06-25 15:53:37"
"35","660","776.56","784.4299927","796.2999878","810.6500244","826.3200073","842.6199951","859.4099731","876.9400024","894.1400146","901.9199829","1","0.99000001","0.99000001","0.99000001","0.980000019","0.959999979","0.939999998","0.899999976","0.850000024","0.779999971","2018-06-25 15:53:46"
"36","670","801.56","799.8400269","800.5100098","804.289978","811.460022","822.0900269","836.2700195","854.3300171","875.6199951","891.8800049","1","0.99000001","0.99000001","0.99000001","0.99000001","0.980000019","0.959999979","0.930000007","0.879999995","0.800000012","2018-06-25 15:53:54"
"37","680","686.71","698.0300293","709.4699707","721.9899902","736.6099854","754.4000244","776.4500122","804.039978","837.8400269","871.3599854","0.9","0.899999976","0.910000026","0.920000017","0.930000007","0.939999998","0.930000007","0.920000017","0.889999986","0.810000002","2018-06-25 15:54:03"
"38","690","629.68","636.5200195","645.6400146","657.3699951","672.4500122","692.039978","717.7399902","751.7399902","796.210022","847.2000122","0.3","0.360000014","0.419999987","0.479999989","0.550000012","0.620000005","0.680000007","0.730000019","0.769999981","0.75999999","2018-06-25 15:54:11"
"39","700","1093.75","1048.02002","1004.119995","962.8300171","925.2299805","892.8900146","868.1400146","854.3400269","855.7199707","871.8499756","0.7","0.660000026","0.639999986","0.629999995","0.639999986","0.660000026","0.689999998","0.720000029","0.75","0.75","2018-06-25 15:54:24"
"40","710","715.62","748.8599854","773.3200073","789.7800293","799.460022","804.2600098","807.1300049","812.7199707","827.7000122","856.2299805","0.8","0.779999971","0.75999999","0.75","0.730000019","0.730000019","0.730000019","0.74000001","0.75999999","0.75","2018-06-25 15:54:32"
"41","720","976.56","953.789978","935.9099731","920.5300293","905.7199707","890.4099731","874.9000244","861.8699951","857.4699707","868.2600098","0.5","0.519999981","0.550000012","0.569999993","0.589999974","0.610000014","0.639999986","0.670000017","0.709999979","0.730000019","2018-06-25 15:54:44"
"42","730","957.03","956.7000122","952.7999878","946.0800171","936.5","923.7199707","907.75","890.4199829","877.3800049","877.1400146","0.6","0.589999974","0.589999974","0.589999974","0.589999974","0.600000024","0.620000005","0.649999976","0.689999998","0.720000029","2018-06-25 15:54:55"
"43","740","950","950.6699829","950.5599976","948.8200073","944.5999756","936.8599854","924.6500244","908.289978","891.9000244","884.4199829","0.5","0.5","0.50999999","0.519999981","0.529999971","0.550000012","0.569999993","0.600000024","0.649999976","0.689999998","2018-06-25 15:55:06"
"44","750","1091.4","1077.329956","1063.22998","1048.630005","1032.680054","1014.130005","991.3499756","963.2199707","931.7999878","905.1199951","0.6","0.589999974","0.579999983","0.569999993","0.569999993","0.569999993","0.579999983","0.600000024","0.639999986","0.680000007","2018-06-25 15:55:19"
"45","760","899.21","917.0300293","932.0200195","944.039978","952.5999756","956.6699829","954.5","944.0200195","925.2800293","904.5300293","0.7","0.680000007","0.670000017","0.660000026","0.649999976","0.629999995","0.629999995","0.629999995","0.649999976","0.680000007","2018-06-25 15:55:31"
"46","770","694.53","716.7800293","742.0200195","769.3800049","797.7600098","825.5999756","850.5100098","869.1699829","879.1300049","883.5300293","0.8","0.779999971","0.769999981","0.75","0.74000001","0.709999979","0.689999998","0.680000007","0.680000007","0.699999988","2018-06-25 15:55:39"
"47","780","620.31","629.9500122","644.6500244","665.0300293","691.289978","722.9500122","758.4299927","794.5100098","827.3699951","857.210022","0","0.07","0.150000006","0.219999999","0.289999992","0.349999994","0.409999996","0.469999999","0.540000021","0.629999995","2018-06-25 15:55:48"
"48","790","587.5","591.7399902","598.9299927","610.7600098","629.0100098","655.2199707","690.0499878","732.4099731","779.3900146","830.2399902","0","0","0.029999999","0.059999999","0.109999999","0.170000002","0.25","0.330000013","0.430000007","0.560000002","2018-06-25 15:55:58"
"49","800","779.68","760.8900146","743.5300293","729","719.4099731","717.4500122","725.9099731","746.5900269","779.4500122","825.1799927","0","0","0","0.02","0.039999999","0.079999998","0.150000006","0.230000004","0.340000004","0.50999999","2018-06-25 15:56:08"
"50","810","1139.84","1101.939941","1060.579956","1016.590027","971.6699829","928.6500244","891.4799805","864.5599976","851.5300293","856.6500244","0","0","0","0","0.01","0.039999999","0.090000004","0.159999996","0.270000011","0.449999988","2018-06-25 15:56:20"
"51","820","963.28","977.1400146","982.7399902","979.2700195","966.6300049","945.960022","920.2000122","894.1799927","873.8800049","867.3099976","0.8","0.720000029","0.639999986","0.560000002","0.479999989","0.419999987","0.370000005","0.349999994","0.379999995","0.49000001","2018-06-25 15:56:33"
"52","830","589.84","628.5700073","668.4199829","706.6699829","740.5599976","767.9000244","788.0499878","802.8800049","817.0700073","839.5599976","0.7","0.699999988","0.680000007","0.649999976","0.610000014","0.560000002","0.5","0.449999988","0.439999998","0.50999999","2018-06-25 15:56:39"
"53","840","817.18","798.3200073","787.4299927","784.0300293","786.5300293","792.539978","799.710022","807.1699829","817.0900269","837.3200073","0.5","0.519999981","0.529999971","0.540000021","0.540000021","0.529999971","0.5","0.469999999","0.449999988","0.50999999","2018-06-25 15:56:51"
"54","850","682.03","693.6599731","703.1099854","712.6300049","723.8300171","737.2800293","752.6300049","769.6300049","790.0800171","821.789978","0.1","0.140000001","0.180000007","0.230000004","0.270000011","0.310000002","0.340000004","0.349999994","0.379999995","0.469999999","2018-06-25 15:57:00"
"55","860","1142.96","1098.030029","1054.98999","1013.859985","975.3099976","940.1199951","908.7700195","881.6300049","860.6599731","853.9099731","0","0.01","0.029999999","0.07","0.109999999","0.150000006","0.200000003","0.25","0.300000012","0.419999987","2018-06-25 15:57:13"
"56","870","987.5","998.5499878","1000.98999","995.4099731","982.6199951","963.8099976","940.2600098","913.3900146","886.0200195","867.2700195","0.3","0.270000011","0.239999995","0.230000004","0.219999999","0.219999999","0.239999995","0.25999999","0.300000012","0.409999996","2018-06-25 15:57:26"
"57","880","1082.81","1074.380005","1066.439941","1056.589966","1042.72998","1023.309998","997.2800293","964.210022","925.3800049","888.8200073","0.2","0.200000003","0.200000003","0.200000003","0.200000003","0.209999993","0.219999999","0.239999995","0.280000001","0.389999986","2018-06-25 15:57:39"
"58","890","976.56","986.3400269","994.5300293","1000.570007","1003.030029","999.9299927","988.9899902","967.9199829","935.6199951","897.5999756","0.9","0.829999983","0.75999999","0.689999998","0.620000005","0.550000012","0.49000001","0.439999998","0.400000006","0.439999998","2018-06-25 15:57:49"
"59","900","446.09","500.1099854","555.7800293","612.4299927","668.8599854","723.0100098","771.8300171","811.3699951","837.710022","852.4500122","1","0.980000019","0.949999988","0.899999976","0.839999974","0.769999981","0.689999998","0.600000024","0.519999981","0.49000001","2018-06-25 15:57:55"
"60","910","1138.28","1074.459961","1021.780029","980.5200195","950.5100098","930.6400146","918.4099731","909.4400024","897.8200073","881.0300293","0.8","0.810000002","0.829999983","0.829999983","0.810000002","0.779999971","0.730000019","0.660000026","0.579999983","0.519999981","2018-06-25 15:58:08"
"61","920","883.59","902.6799927","911.2299805","912.6699829","910.3599854","907.1199951","904.4799805","901.6900024","894.9799805","881.2800293","0.2","0.25999999","0.319999993","0.379999995","0.439999998","0.49000001","0.519999981","0.519999981","0.5","0.49000001","2018-06-25 15:58:18"
"62","930","638.28","664.7199707","692.8699951","720.5900269","747.1099854","772.7000122","798","822.6599731","843.6400146","856.9799805","0.2","0.200000003","0.219999999","0.25","0.289999992","0.340000004","0.389999986","0.419999987","0.439999998","0.460000008","2018-06-25 15:58:26"
"63","940","839.84","822.3300171","810.4400024","804.0700073","802.75","806.2700195","814.7299805","827.8200073","842.8800049","855.2700195","1","0.920000017","0.839999974","0.769999981","0.709999979","0.670000017","0.629999995","0.600000024","0.550000012","0.50999999","2018-06-25 15:58:35"
"64","950","916.4","906.9899902","895.210022","882.7000122","870.9400024","861.3300171","855.4000244","854.3900146","857.5800171","861.3800049","0.8","0.810000002","0.800000012","0.790000021","0.75999999","0.730000019","0.699999988","0.660000026","0.600000024","0.540000021","2018-06-25 15:58:46"
"65","960","403.9","454.2099915","502.1600037","547.539978","590.7199707","632.6199951","674.7999878","719.2399902","766.8499756","815.6300049","1","0.980000019","0.959999979","0.930000007","0.899999976","0.860000014","0.819999993","0.75999999","0.680000007","0.589999974","2018-06-25 15:58:50"
"66","970","413.28","417.3699951","431.0499878","453.5599976","484.25","522.9500122","570.1900024","627.4500122","696.1300049","775.4000244","0.7","0.720000029","0.75","0.769999981","0.779999971","0.779999971","0.769999981","0.74000001","0.680000007","0.600000024","2018-06-25 15:58:55"
"67","980","803.12","764.539978","728.710022","698.25","675.5700073","663.0300293","663.3599854","680.1500244","717.5300293","778.1699829","0.4","0.430000007","0.469999999","0.50999999","0.550000012","0.589999974","0.620000005","0.639999986","0.620000005","0.579999983","2018-06-25 15:59:05"
"68","990","949.21","930.75","905.1099854","873.9199829","839.7600098","806.1199951","777.7000122","760.8699951","763.8699951","795.2800293","0.2","0.219999999","0.25","0.289999992","0.340000004","0.389999986","0.449999988","0.5","0.540000021","0.540000021","2018-06-25 15:59:15"
"69","1000","831.25","841.2000122","846.0200195","844.0499878","834.6500244","818.6799927","799.1199951","781.9799805","777.3400269","798.8699951","0.5","0.469999999","0.449999988","0.430000007","0.430000007","0.439999998","0.469999999","0.5","0.529999971","0.540000021","2018-06-25 15:59:26"
"70","1010","1172.65","1139.51001","1107.319946","1074.069946","1037.449951","995.6699829","948.5300293","899.1799927","856.4000244","836.25","0.4","0.400000006","0.409999996","0.409999996","0.409999996","0.419999987","0.439999998","0.469999999","0.5","0.519999981","2018-06-25 15:59:39"
"71","1020","652.34","701.0599976","743.3400269","778.8599854","806.3800049","824","830.0499878","825.1300049","815.5900269","817.8599854","0.2","0.219999999","0.239999995","0.25999999","0.280000001","0.310000002","0.340000004","0.389999986","0.439999998","0.49000001","2018-06-25 15:59:48"
"72","1030","1031.25","998.2299805","973.6599731","955.5300293","941.2999878","927.6199951","910.5300293","886.960022","858.7199707","839.2000122","0.6","0.560000002","0.519999981","0.49000001","0.469999999","0.449999988","0.439999998","0.449999988","0.469999999","0.5","2018-06-25 15:59:59"
"73","1040","708.59","737.5499878","761.5999756","782.6699829","801.6699829","818.1099854","829.75","833.4500122","828.7000122","826.1400146","0.9","0.860000014","0.819999993","0.769999981","0.720000029","0.670000017","0.620000005","0.579999983","0.560000002","0.540000021","2018-06-25 16:00:08"
"74","1050","1050","1018.75","992.3200073","969.7999878","950.6699829","934.0499878","917.8499756","898.4099731","872.960022","848.5200195","0.8","0.800000012","0.800000012","0.790000021","0.769999981","0.730000019","0.689999998","0.649999976","0.600000024","0.560000002","2018-06-25 16:00:19"
"75","1060","1165.62","1150.930054","1130.959961","1106.869995","1079.640015","1049.839966","1016.960022","978.5800171","931.4899902","880.2299805","1","0.980000019","0.959999979","0.930000007","0.899999976","0.860000014","0.810000002","0.75","0.680000007","0.610000014","2018-06-25 16:00:31"
"76","1070","871.09","899.0700073","923.0599976","941.8200073","954.5100098","960.460022","958.6099854","946.3300171","919.4099731","879.3200073","0.7","0.720000029","0.75","0.769999981","0.779999971","0.779999971","0.769999981","0.730000019","0.680000007","0.620000005","2018-06-25 16:00:42"
"77","1080","1060.93","1044.75","1033.359985","1025.199951","1018.359985","1010.700012","999.539978","980.710022","947.710022","897.4799805","0.3","0.340000004","0.389999986","0.439999998","0.49000001","0.540000021","0.579999983","0.600000024","0.610000014","0.579999983","2018-06-25 16:00:55"
"78","1090","1101.56","1095.880005","1087.920044","1078.650024","1068.280029","1056.130005","1040.349976","1016.960022","978.4799805","917.8900146","0.3","0.300000012","0.310000002","0.340000004","0.370000005","0.419999987","0.460000008","0.50999999","0.540000021","0.560000002","2018-06-25 16:01:08"
"79","1100","1278.9","1260.599976","1240.699951","1218.829956","1194.650024","1167.51001","1135.77002","1095.550049","1038.569946","953.9899902","0.4","0.389999986","0.379999995","0.379999995","0.389999986","0.409999996","0.439999998","0.479999989","0.50999999","0.540000021","2018-06-25 16:01:22"
"80","1110","1198.43","1204.650024","1206.890015","1204.550049","1196.920044","1182.969971","1160.829956","1126.410034","1070.540039","978.4299927","0.6","0.569999993","0.550000012","0.529999971","0.50999999","0.5","0.5","0.50999999","0.529999971","0.540000021","2018-06-25 16:01:37"
"81","1120","1044.53","1060.540039","1077","1092.530029","1105.47998","1113.75","1114.310059","1101.849976","1065.339966","985.039978","0.5","0.5","0.50999999","0.50999999","0.5","0.5","0.5","0.50999999","0.519999981","0.540000021","2018-06-25 16:01:49"
"82","1130","975.78","984.25","996.0200195","1010.799988","1027.660034","1044.76001","1058.900024","1064.030029","1047.420044","984.1199951","0.5","0.5","0.5","0.5","0.5","0.5","0.5","0.5","0.519999981","0.540000021","2018-06-25 16:02:01"
"83","1140","805.46","823.3400269","843.5800171","867.0700073","894.3400269","925.1099854","957.5200195","986.460022","999.0300293","966.25","0.9","0.860000014","0.819999993","0.779999971","0.74000001","0.699999988","0.660000026","0.620000005","0.589999974","0.569999993","2018-06-25 16:02:10"
"84","1150","632.81","651.8599854","674.960022","703.0800171","737.4199829","778.960022","827.6400146","880.3599854","925.789978","932.9099731","0.1","0.170000002","0.239999995","0.300000012","0.349999994","0.400000006","0.430000007","0.460000008","0.49000001","0.519999981","2018-06-25 16:02:19"
"85","1160","1043.75","1004.559998","969.9899902","941.5499878","921.2199707","911.3499756","914.0800171","929.3800049","949.3800049","943.9899902","0.1","0.100000001","0.119999997","0.159999996","0.200000003","0.25","0.300000012","0.349999994","0.409999996","0.479999989","2018-06-25 16:02:30"
"86","1170","717.96","746.6199951","768.3699951","785.039978","799.2600098","814.6599731","835.6300049","865.9500122","903.0999756","921.3900146","1","0.910000026","0.819999993","0.74000001","0.680000007","0.620000005","0.579999983","0.550000012","0.529999971","0.529999971","2018-06-25 16:02:39"
"87","1180","1018.75","991.5300293","968.6699829","948.6300049","930.9500122","916.7000122","908.8800049","911.789978","926.2299805","931.1199951","0.7","0.720000029","0.720000029","0.709999979","0.689999998","0.660000026","0.620000005","0.589999974","0.560000002","0.550000012","2018-06-25 16:02:50"
"88","1190","631.25","667.2700195","698.7299805","726.460022","751.1300049","773.9699707","797.8300171","827.6300049","867.2299805","901.1400146","0.2","0.25","0.300000012","0.349999994","0.389999986","0.430000007","0.449999988","0.469999999","0.49000001","0.50999999","2018-06-25 16:02:59"
"89","1200","715.62","710.789978","712.2399902","718.8699951","729.8200073","744.7999878","764.9400024","794.0200195","836.9099731","882.5800171","0.5","0.469999999","0.460000008","0.449999988","0.449999988","0.460000008","0.469999999","0.479999989","0.49000001","0.50999999","2018-06-25 16:03:08"
"90","1210","814.06","803.7299805","793.6900024","785.5","780.3599854","779.4299927","784.5900269","800.0300293","832.3400269","875.7299805","0.2","0.219999999","0.25","0.270000011","0.300000012","0.330000013","0.360000014","0.389999986","0.430000007","0.479999989","2018-06-25 16:03:17"
"91","1220","1161.71","1125.920044","1088.109985","1048.849976","1009.169983","970.5700073","935.4400024","908.539978","898.210022","904.3300171","0.1","0.109999999","0.129999995","0.150000006","0.180000007","0.209999993","0.25","0.300000012","0.360000014","0.439999998","2018-06-25 16:03:31"
"92","1230","714.06","755.2399902","788.8699951","814.5","832.0999756","842.3099976","846.8900146","850.1900024","861.3800049","885.2999878","0.4","0.370000005","0.340000004","0.319999993","0.310000002","0.300000012","0.310000002","0.330000013","0.370000005","0.439999998","2018-06-25 16:03:39"
"93","1240","599.21","614.8200073","637.1400146","663.7999878","692.3699951","720.7600098","747.8200073","774.9000244","808.9500122","856.6900024","0.9","0.839999974","0.779999971","0.720000029","0.660000026","0.600000024","0.540000021","0.5","0.479999989","0.479999989","2018-06-25 16:03:46"
"94","1250","1040.62","998.039978","959.9199829","927.5700073","901.3200073","880.6900024","864.9400024","854.6199951","855.2800293","875.0900269","0.1","0.170000002","0.230000004","0.280000001","0.319999993","0.349999994","0.360000014","0.379999995","0.400000006","0.439999998","2018-06-25 16:03:59"
"95","1260","839.06","854.960022","863.2299805","865.6099854","863.960022","859.8699951","854.5900269","849.9500122","852.039978","871.4799805","0.7","0.639999986","0.600000024","0.569999993","0.550000012","0.519999981","0.5","0.469999999","0.460000008","0.469999999","2018-06-25 16:04:09"
"96","1270","1002.34","987.5999756","974.5200195","961.3200073","946.9899902","931.1099854","913.6900024","895.6699829","882.0999756","884.5700073","0.4","0.419999987","0.439999998","0.449999988","0.460000008","0.460000008","0.460000008","0.449999988","0.449999988","0.460000008","2018-06-25 16:04:21"
"97","1280","1030.46","1026.180054","1019.27002","1009.719971","997.0700073","980.789978","960.4000244","936.0999756","911.7700195","899.1599731","0.3","0.310000002","0.319999993","0.340000004","0.360000014","0.379999995","0.389999986","0.400000006","0.419999987","0.439999998","2018-06-25 16:04:32"
"98","1290","805.46","827.539978","848.2299805","866.7399902","882.1099854","893.1199951","898.4199829","896.9099731","890.5100098","889.789978","0.8","0.75","0.699999988","0.660000026","0.620000005","0.589999974","0.550000012","0.519999981","0.49000001","0.479999989","2018-06-25 16:04:42"
"99","1300","1057.03","1034.079956","1015.27002","999.9400024","987.0599976","975.0800171","961.8699951","944.9500122","923.8099976","906.5100098","0.8","0.790000021","0.779999971","0.75","0.730000019","0.689999998","0.649999976","0.600000024","0.550000012","0.50999999","2018-06-25 16:04:54"
"100","1310","1265.62","1242.469971","1215.550049","1185.920044","1154.199951","1120.349976","1083.369995","1041.150024","992.1699829","942.4199829","0.2","0.25","0.310000002","0.360000014","0.409999996","0.439999998","0.469999999","0.479999989","0.479999989","0.479999989","2018-06-25 16:05:10"
"101","1320","856.25","894.8699951","928.1099854","955.1500244","975.4299927","988.2999878","992.5200195","985.6799927","964.9899902","933.8099976","1","0.920000017","0.860000014","0.810000002","0.75999999","0.720000029","0.680000007","0.639999986","0.579999983","0.529999971","2018-06-25 16:05:18"
"102","1330","1027.34","1014.090027","1007.48999","1005.679993","1006.570007","1007.820007","1006.450012","998.1799927","977.460022","943.1599731","0.6","0.629999995","0.649999976","0.660000026","0.660000026","0.660000026","0.649999976","0.620000005","0.589999974","0.540000021","2018-06-25 16:05:31"
"103","1340","859.37","874.8400269","888.9899902","903.2600098","918.25","933.5900269","947.6199951","956.5300293","953.8400269","934.7800293","0.1","0.150000006","0.209999993","0.25999999","0.319999993","0.379999995","0.430000007","0.460000008","0.49000001","0.49000001","2018-06-25 16:05:42"
"104","1350","967.18","957.9500122","951.539978","948.0100098","947.6099854","950.3900146","955.4400024","959.7299805","956.5100098","938.0200195","0.2","0.189999998","0.200000003","0.219999999","0.25","0.289999992","0.330000013","0.379999995","0.430000007","0.460000008","2018-06-25 16:05:54"
"105","1360","600","635.789978","670.2999878","704.4000244","739.039978","775.1900024","813.2600098","851.8099976","885.210022","904.2199707","0.1","0.100000001","0.119999997","0.129999995","0.159999996","0.189999998","0.239999995","0.300000012","0.360000014","0.430000007","2018-06-25 16:06:02"
"106","1370","808.59","791.3099976","780.9299927","777.3300171","780.7700195","791.8900146","811.3900146","838.8400269","869.8800049","894.6500244","0.2","0.189999998","0.180000007","0.180000007","0.180000007","0.189999998","0.219999999","0.270000011","0.330000013","0.400000006","2018-06-25 16:06:12"
"107","1380","856.25","849.75","841.1799927","832.5700073","826.0499878","824.0700073","829.3300171","844.0599976","867.1599731","890.8099976","0.2","0.189999998","0.189999998","0.189999998","0.189999998","0.189999998","0.209999993","0.25","0.300000012","0.379999995","2018-06-25 16:06:22"
"108","1390","1073.43","1051.060059","1026.97998","1001.169983","974.4799805","948.75","926.9699707","912.8699951","908.4099731","909.0800171","0.8","0.730000019","0.670000017","0.610000014","0.550000012","0.49000001","0.439999998","0.409999996","0.400000006","0.419999987","2018-06-25 16:06:34"
"109","1400","967.96","976.2700195","979.7700195","977.9299927","970.5700073","958.3599854","943.3699951","929.4000244","920.3200073","914.960022","0.5","0.519999981","0.529999971","0.529999971","0.519999981","0.49000001","0.460000008","0.439999998","0.419999987","0.430000007","2018-06-25 16:06:45"
"110","1410","1108.59","1095.359985","1082.819946","1069.390015","1053.380005","1033.469971","1009.460022","983.1599731","957.9699707","934.3300171","0.9","0.860000014","0.819999993","0.790000021","0.74000001","0.689999998","0.639999986","0.569999993","0.50999999","0.479999989","2018-06-25 16:06:58"
"111","1420","1245.31","1230.310059","1212.810059","1192.530029","1168.540039","1139.390015","1103.800049","1061.800049","1015.440002","965.4199829","0.8","0.800000012","0.800000012","0.790000021","0.769999981","0.74000001","0.699999988","0.639999986","0.569999993","0.50999999","2018-06-25 16:07:12"
"112","1430","816.4","857.789978","895.6799927","929.2399902","957.2600098","977.9000244","988.8400269","988.1799927","975.6300049","950.5200195","0.8","0.800000012","0.800000012","0.790000021","0.790000021","0.769999981","0.74000001","0.689999998","0.620000005","0.540000021","2018-06-25 16:07:20"
"113","1440","821.09","824.7600098","836.0100098","853.5300293","875.5599976","899.4899902","921.7399902","938.0499878","944.7199707","937.5800171","0.5","0.529999971","0.560000002","0.579999983","0.610000014","0.629999995","0.639999986","0.629999995","0.589999974","0.529999971","2018-06-25 16:07:31"
"114","1450","625.78","645.6699829","667.8200073","694.0999756","725.6900024","762.6300049","803.3499756","844.3699951","880.9299927","906.4000244","0.1","0.140000001","0.189999998","0.239999995","0.300000012","0.360000014","0.419999987","0.469999999","0.49000001","0.49000001","2018-06-25 16:07:39"
"115","1460","1048.43","1008.159973","972.3099976","942.1300049","919.3300171","905.5300293","901.3900146","905.5900269","914.4299927","920.5999756","0.4","0.370000005","0.349999994","0.349999994","0.360000014","0.379999995","0.409999996","0.449999988","0.469999999","0.479999989","2018-06-25 16:07:51"
"116","1470","707.03","737.1400146","760.0800171","777.5599976","791.9500122","806.2800293","823.6400146","846.0200195","872.9500122","899.2399902","1","0.930000007","0.870000005","0.800000012","0.74000001","0.689999998","0.639999986","0.610000014","0.579999983","0.529999971","2018-06-25 16:07:59"
"117","1480","662.5","669.960022","682.0100098","697.0100098","714.2800293","734.3900146","759.1799927","790.960022","830.8599854","875.5700073","0.8","0.810000002","0.810000002","0.800000012","0.769999981","0.74000001","0.699999988","0.670000017","0.620000005","0.560000002","2018-06-25 16:08:07"
"118","1490","950.78","922.6900024","897.0200195","874.6500244","856.1799927","842.5800171","835.8200073","838.9099731","854.8400269","883.0900269","0.6","0.620000005","0.639999986","0.660000026","0.670000017","0.670000017","0.660000026","0.639999986","0.620000005","0.560000002","2018-06-25 16:08:18"
"119","1500","789.84","803.1199951","811.2800293","815.2800293","816.3699951","816.210022","817.4299927","824.1900024","841.8400269","873.7700195","0.3","0.330000013","0.360000014","0.400000006","0.439999998","0.479999989","0.50999999","0.540000021","0.550000012","0.540000021","2018-06-25 16:08:28"
"120","1510","1095.31","1066.089966","1038.5","1011.299988","983.7299805","955.7600098","928.5800171","905.5200195","892.539978","895.9199829","0.3","0.300000012","0.310000002","0.330000013","0.349999994","0.389999986","0.430000007","0.469999999","0.5","0.50999999","2018-06-25 16:08:41"
"121","1520","737.5","770.3499756","797.7000122","819.6400146","835.9899902","846.6300049","852.1500244","855.1099854","861.5300293","880.0800171","0.6","0.569999993","0.540000021","0.50999999","0.5","0.49000001","0.49000001","0.50999999","0.519999981","0.519999981","2018-06-25 16:08:49"
"122","1530","1027.34","1001.640015","981.4099731","965.0300293","950.7999878","936.9799805","922.2199707","906.7800293","894.6900024","894.7999878","0.1","0.140000001","0.180000007","0.219999999","0.25999999","0.289999992","0.330000013","0.379999995","0.430000007","0.479999989","2018-06-25 16:09:01"
"123","1540","742.18","768.1300049","790.0300293","809.039978","825.6300049","839.5800171","850.210022","857.4000244","864.1900024","879.539978","0.1","0.100000001","0.109999999","0.129999995","0.159999996","0.189999998","0.239999995","0.300000012","0.370000005","0.439999998","2018-06-25 16:09:10"
"124","1550","694.53","701.8900146","713.6300049","728.8800049","746.9699707","767.0499878","787.9299927","808.539978","830.2600098","861.039978","0.7","0.639999986","0.579999983","0.529999971","0.479999989","0.439999998","0.419999987","0.419999987","0.430000007","0.460000008","2018-06-25 16:09:18"
"125","1560","1077.34","1039.790039","1004.599976","972.7999878","945.1900024","922.2000122","903.7000122","889.1799927","879.6699829","882.6699829","0.3","0.330000013","0.349999994","0.360000014","0.370000005","0.370000005","0.370000005","0.379999995","0.400000006","0.449999988","2018-06-25 16:09:32"
"126","1570","1166.4","1153.73999","1134.040039","1108.319946","1077.920044","1044.300049","1008.780029","972.3499756","937.0200195","911.039978","0.1","0.119999997","0.150000006","0.180000007","0.200000003","0.230000004","0.25999999","0.289999992","0.340000004","0.409999996","2018-06-25 16:09:44"
"127","1580","708.59","753.0999756","793.6799927","828.5100098","856.3200073","876.4400024","888.7000122","893.2199707","891.3300171","890.7999878","0.2","0.189999998","0.189999998","0.189999998","0.200000003","0.209999993","0.230000004","0.25999999","0.310000002","0.389999986","2018-06-25 16:09:54"
"128","1590","1010.93","985.1500244","967.4799805","956.210022","949.0900269","943.6900024","937.5900269","928.5300293","915.25","902.8099976","0.7","0.639999986","0.589999974","0.540000021","0.5","0.449999988","0.419999987","0.389999986","0.389999986","0.419999987","2018-06-25 16:10:04"
"129","1600","833.59","848.7399902","860.3699951","870.3699951","879.789978","888.6400146","895.9899902","900.0499878","898.9199829","895.8900146","0.4","0.419999987","0.430000007","0.439999998","0.439999998","0.419999987","0.409999996","0.389999986","0.389999986","0.419999987","2018-06-25 16:10:15"
"130","1610","876.56","873.7800293","873.3200073","874.7000122","877.8499756","882.5999756","888.2199707","893","894.4500122","893.960022","0.7","0.670000017","0.639999986","0.620000005","0.589999974","0.560000002","0.519999981","0.479999989","0.449999988","0.449999988","2018-06-25 16:10:26"
"131","1620","890.62","888.9400024","887.1599731","885.8400269","885.5100098","886.6099854","889.1799927","892.289978","893.6799927","893.6199951","0.3","0.330000013","0.360000014","0.389999986","0.409999996","0.430000007","0.430000007","0.430000007","0.419999987","0.430000007","2018-06-25 16:10:36"
"132","1630","1079.68","1060.609985","1041.180054","1021.530029","1002.01001","983.1500244","965.3800049","948.5100098","930.8800049","912.2299805","0.7","0.660000026","0.629999995","0.600000024","0.579999983","0.560000002","0.540000021","0.50999999","0.479999989","0.460000008","2018-06-25 16:10:49"
"133","1640","948.43","959.6500244","966.9799805","970.3599854","969.8699951","965.789978","958.5999756","948.4799805","934.3900146","915.8499756","0.5","0.50999999","0.519999981","0.529999971","0.529999971","0.529999971","0.519999981","0.5","0.479999989","0.460000008","2018-06-25 16:10:59"
"134","1650","562.5","602.210022","643.3900146","684.8599854","725.4400024","764.1400146","800.1599731","832.6900024","860.0100098","880.5100098","0.7","0.680000007","0.660000026","0.639999986","0.629999995","0.610000014","0.589999974","0.560000002","0.519999981","0.479999989","2018-06-25 16:11:06"
"135","1660","921.09","889.2000122","865.5499878","850.2199707","842.8300171","842.6199951","848.5300293","859.210022","872.2299805","884.5700073","0.2","0.239999995","0.289999992","0.330000013","0.370000005","0.400000006","0.430000007","0.449999988","0.460000008","0.460000008","2018-06-25 16:11:18"
"136","1670","771.87","783.5999756","790.6099854","795.3699951","800.25","807.2399902","817.8699951","833.0100098","852.1599731","873.2999878","0.6","0.560000002","0.529999971","0.519999981","0.5","0.5","0.5","0.49000001","0.479999989","0.469999999","2018-06-25 16:11:27"
"137","1680","1246.87","1200.540039","1155.619995","1111.420044","1068.219971","1027.060059","989.4699707","957.1699829","931.0999756","910.6599731","0.6","0.589999974","0.579999983","0.569999993","0.560000002","0.550000012","0.540000021","0.519999981","0.50999999","0.479999989","2018-06-25 16:11:40"
"138","1690","777.34","819.6599731","852.9899902","877.5599976","893.6900024","902.2000122","904.6199951","903.2199707","900.3499756","897.3300171","0.8","0.769999981","0.75","0.730000019","0.699999988","0.670000017","0.639999986","0.610000014","0.560000002","0.50999999","2018-06-25 16:11:51"
"139","1700","922.65","912.3499756","908.7199707","909.1199951","911.0700073","912.4199829","911.8300171","909.0499878","904.8099976","899.8599854","0.6","0.610000014","0.629999995","0.629999995","0.639999986","0.629999995","0.620000005","0.600000024","0.569999993","0.519999981","2018-06-25 16:12:00"
"140","1710","966.4","961","954.8599854","949.2199707","944.2700195","939.4099731","933.6599731","926.25","917.1300049","906.5100098","0.3","0.330000013","0.360000014","0.400000006","0.430000007","0.460000008","0.49000001","0.50999999","0.519999981","0.5","2018-06-25 16:12:12"
"141","1720","853.12","863.9099731","873.4699707","881.9500122","889.5800171","896.2700195","901.4400024","904.3099976","904.3300171","901.1699829","0.9","0.839999974","0.790000021","0.75","0.709999979","0.680000007","0.649999976","0.629999995","0.589999974","0.540000021","2018-06-25 16:12:22"
"142","1730","642.18","664.3599854","688.4400024","714.1099854","741.1400146","769.2199707","797.7399902","825.6699829","851.9000244","875.2700195","0.8","0.800000012","0.790000021","0.779999971","0.75999999","0.74000001","0.709999979","0.680000007","0.629999995","0.560000002","2018-06-25 16:12:29"
"143","1740","942.18","914.4000244","891.4299927","873.7600098","861.7700195","855.7000122","855.5200195","860.6300049","869.9500122","881.960022","1","0.980000019","0.949999988","0.930000007","0.899999976","0.870000005","0.819999993","0.769999981","0.699999988","0.610000014","2018-06-25 16:12:39"
"144","1750","949.21","945.7299805","937.6599731","926.5800171","914.2299805","902.460022","893","887.2000122","885.8099976","888.6900024","0.8","0.810000002","0.829999983","0.839999974","0.839999974","0.829999983","0.810000002","0.779999971","0.720000029","0.629999995","2018-06-25 16:12:51"
"145","1760","985.15","981.210022","975.6500244","967.5800171","956.7800293","943.7999878","929.8599854","916.5900269","905.6699829","898.3400269","0","0.079999998","0.159999996","0.25","0.330000013","0.409999996","0.49000001","0.540000021","0.579999983","0.560000002","2018-06-25 16:13:03"
"146","1770","646.87","680.2999878","712.6300049","743.0800171","770.8400269","795.3400269","816.6599731","835.6699829","853.9099731","873.1900024","0.7","0.629999995","0.589999974","0.560000002","0.550000012","0.550000012","0.569999993","0.589999974","0.600000024","0.579999983","2018-06-25 16:13:10"
"147","1780","914.84","891.3900146","874.4000244","863.3099976","857.2399902","855.0900269","855.9299927","859.4199829","866.0999756","877.3499756","0.9","0.870000005","0.829999983","0.790000021","0.75999999","0.720000029","0.699999988","0.680000007","0.660000026","0.610000014","2018-06-25 16:13:21"
"148","1790","1092.18","1072.099976","1048.630005","1023.52002","998.2000122","973.6400146","950.4299927","929.25","911.3200073","898.8400269","0.6","0.620000005","0.639999986","0.649999976","0.660000026","0.660000026","0.660000026","0.660000026","0.649999976","0.610000014","2018-06-25 16:13:32"
"149","1800","737.5","770.960022","799.7199707","823.2999878","841.7800293","855.5700073","865.2600098","871.7199707","876.5499878","882.7000122","0.4","0.419999987","0.439999998","0.469999999","0.5","0.529999971","0.550000012","0.579999983","0.600000024","0.589999974","2018-06-25 16:13:43"
"150","1810","665.62","676.1500244","692.4400024","712.9199829","736.0800171","760.5900269","785.4000244","809.8900146","834.3699951","860.9899902","0.7","0.670000017","0.639999986","0.629999995","0.620000005","0.610000014","0.610000014","0.610000014","0.620000005","0.600000024","2018-06-25 16:13:51"
"151","1820","757.81","749.6400146","744.7299805","744.3400269","749.1199951","759.2000122","774.3599854","794.2700195","819.0499878","850.6799927","0.4","0.419999987","0.439999998","0.469999999","0.479999989","0.5","0.519999981","0.550000012","0.569999993","0.579999983","2018-06-25 16:14:00"
"152","1830","663.28","671.9099731","679.5700073","687.5999756","697.6099854","711.2399902","729.9299927","754.9699707","787.9000244","831.9400024","1","0.939999998","0.879999995","0.839999974","0.790000021","0.75","0.709999979","0.680000007","0.660000026","0.620000005","2018-06-25 16:14:07"
"153","1840","1162.5","1113.439941","1065.910034","1020.030029","976.539978","936.8699951","902.960022","877.2299805","862.8200073","864.9899902","0.8","0.810000002","0.810000002","0.810000002","0.790000021","0.769999981","0.75","0.720000029","0.680000007","0.639999986","2018-06-25 16:14:18"
"154","1850","533.59","591.5700073","640.0499878","679.5200195","710.7700195","735.2299805","755.210022","774.1400146","796.9699707","831.8499756","0.9","0.889999986","0.879999995","0.870000005","0.850000024","0.829999983","0.810000002","0.769999981","0.730000019","0.660000026","2018-06-25 16:14:24"
"155","1860","878.12","849.4699707","830.5100098","818.539978","811.1799927","806.6699829","804.3699951","805.3300171","813.2000122","836.4799805","0.4","0.439999998","0.49000001","0.540000021","0.579999983","0.610000014","0.639999986","0.660000026","0.660000026","0.639999986","2018-06-25 16:14:36"
"156","1870","675.78","693.1500244","706.7199707","718.6099854","729.9400024","741.2299805","752.9299927","766.460022","785.7199707","820.4099731","0.7","0.670000017","0.649999976","0.649999976","0.649999976","0.649999976","0.660000026","0.670000017","0.670000017","0.639999986","2018-06-25 16:14:44"
"157","1880","1028.12","994.6199951","963.8400269","935.2700195","908.8499756","884.6699829","863.0100098","844.960022","834.2000122","841.1799927","0.6","0.600000024","0.610000014","0.610000014","0.620000005","0.620000005","0.639999986","0.649999976","0.649999976","0.639999986","2018-06-25 16:14:56"
"158","1890","978.9","980.4699707","975.8900146","965.8099976","950.8800049","931.789978","909.3699951","885.1400146","863.1400146","854.9500122","0.7","0.689999998","0.680000007","0.670000017","0.660000026","0.660000026","0.660000026","0.660000026","0.660000026","0.639999986","2018-06-25 16:15:08"
"159","1900","1175.78","1156.25","1135.800049","1112.790039","1085.819946","1053.780029","1015.929993","972.3300171","925.6699829","887.0300293","1","0.959999979","0.930000007","0.899999976","0.860000014","0.829999983","0.790000021","0.75999999","0.730000019","0.680000007","2018-06-25 16:15:20"
"160","1910","574.21","632.4199829","686.5300293","735.789978","778.8599854","814","839.2399902","852.9000244","855.3800049","855.75","0.5","0.540000021","0.579999983","0.620000005","0.639999986","0.660000026","0.670000017","0.680000007","0.680000007","0.660000026","2018-06-25 16:15:27"
"161","1920","977.34","942.8499756","919.1799927","904.8699951","897.9500122","895.6699829","894.4799805","890.2299805","879.7700195","867.9099731","1","0.949999988","0.910000026","0.879999995","0.850000024","0.829999983","0.800000012","0.779999971","0.74000001","0.689999998","2018-06-25 16:15:39"
"162","1930","1214.84","1187.640015","1155.709961","1121.849976","1088.079956","1055.25","1022.619995","987.6099854","946.7800293","902.5999756","0.5","0.540000021","0.579999983","0.610000014","0.639999986","0.660000026","0.680000007","0.689999998","0.689999998","0.670000017","2018-06-25 16:15:53"
"163","1940","1055.46","1068.680054","1075.51001","1075.380005","1068.51001","1055.359985","1035.76001","1007.969971","968.5200195","917.8900146","0.4","0.409999996","0.430000007","0.460000008","0.49000001","0.529999971","0.569999993","0.600000024","0.629999995","0.649999976","2018-06-25 16:16:06"
"164","1950","938.28","951.3200073","965.7199707","979.4099731","990.3699951","996.8200073","996.7700195","987.0599976","962.4699707","919.9299927","0.9","0.850000024","0.800000012","0.75999999","0.730000019","0.709999979","0.699999988","0.689999998","0.689999998","0.670000017","2018-06-25 16:16:17"
"165","1960","1000","995.1300049","993.1400146","993.8200073","996.1500244","998.4099731","998.0599976","990.9400024","969.9799805","927.9299927","0.4","0.439999998","0.479999989","0.50999999","0.529999971","0.550000012","0.579999983","0.600000024","0.629999995","0.639999986","2018-06-25 16:16:29"
"166","1970","742.18","767.4799805","792.3699951","817.6699829","843.7700195","870.289978","895.710022","916.3099976","924.4199829","909.3599854","0.7","0.670000017","0.649999976","0.639999986","0.629999995","0.620000005","0.620000005","0.629999995","0.639999986","0.649999976","2018-06-25 16:16:38"
"167","1980","1134.37","1097.680054","1065.969971","1039.359985","1018.130005","1002.330017","991.1699829","981.7299805","966.4099731","931.8599854","0.5","0.50999999","0.529999971","0.540000021","0.550000012","0.560000002","0.569999993","0.589999974","0.610000014","0.629999995","2018-06-25 16:16:51"
"168","1990","892.18","912.7299805","926.9400024","936.3400269","942.5599976","947.2600098","951.5800171","954.8699951","951.5599976","927.8900146","1","0.949999988","0.899999976","0.860000014","0.819999993","0.779999971","0.74000001","0.709999979","0.689999998","0.670000017","2018-06-25 16:17:02"
"169","2000","855.46","861.1900024","869.7600098","879.7299805","890.2999878","901.3599854","913.1300049","925.0499878","932.3400269","920.6500244","0.7","0.720000029","0.74000001","0.74000001","0.74000001","0.74000001","0.720000029","0.709999979","0.689999998","0.670000017","2018-06-25 16:17:12"
"170","2010","915.62","910.1799927","906.4500122","904.8499756","905.4899902","908.4899902","914.1300049","922.2199707","929","920.1500244","0.8","0.790000021","0.779999971","0.779999971","0.769999981","0.769999981","0.75","0.730000019","0.709999979","0.680000007","2018-06-25 16:17:22"
"171","2020","1057.03","1042.339966","1026.910034","1011.369995","996.4099731","982.7600098","971.289978","962.6599731","954.5999756","933.8300171","0.4","0.430000007","0.469999999","0.50999999","0.550000012","0.579999983","0.610000014","0.629999995","0.649999976","0.649999976","2018-06-25 16:17:35"
"172","2030","646.09","685.710022","722.25","755.6699829","786.2199707","814.4199829","841.210022","867.6900024","892.9000244","905.0599976","0.4","0.400000006","0.409999996","0.430000007","0.460000008","0.49000001","0.519999981","0.560000002","0.600000024","0.629999995","2018-06-25 16:17:44"
"173","2040","1121.87","1078.25","1041.949951","1012.01001","987.6099854","968.1500244","953.4699707","943.9400024","938.6900024","926.7399902","0","0.039999999","0.079999998","0.129999995","0.180000007","0.239999995","0.310000002","0.389999986","0.479999989","0.569999993","2018-06-25 16:17:58"
"174","2050","972.65","983.210022","986.5100098","984.460022","978.6300049","970.4000244","961.1400146","952.5599976","945.4899902","931.3300171","0.6","0.540000021","0.49000001","0.449999988","0.430000007","0.419999987","0.430000007","0.449999988","0.5","0.569999993","2018-06-25 16:18:09"
"175","2060","567.18","608.789978","651.0499878","692.3699951","731.7600098","768.789978","803.5599976","836.9400024","869.8300171","894.9199829","0.4","0.409999996","0.409999996","0.409999996","0.409999996","0.409999996","0.409999996","0.430000007","0.479999989","0.550000012","2018-06-25 16:18:16"
