"id","seqno","nodeID","date"
"7399","41","2.00","2018-09-08 11:19:39.763974"
"7400","42","2.00","2018-09-08 11:19:41.763294"
"7401","43","2.00","2018-09-08 11:19:43.781382"
"7402","44","2.00","2018-09-08 11:19:45.888729"
"7403","45","2.00","2018-09-08 11:19:47.903210"
"7404","46","2.00","2018-09-08 11:19:50.143452"
"7405","47","2.00","2018-09-08 11:19:51.763782"
"7406","48","2.00","2018-09-08 11:19:53.763657"
"7407","49","2.00","2018-09-08 11:19:55.763624"
"7408","50","2.00","2018-09-08 11:19:57.888691"
"7409","51","2.00","2018-09-08 11:19:59.888687"
"7410","52","2.00","2018-09-08 11:20:01.888812"
"7411","53","2.00","2018-09-08 11:20:04.153133"
"7412","54","2.00","2018-09-08 11:20:06.013544"
"7413","55","2.00","2018-09-08 11:20:07.763154"
"7414","56","2.00","2018-09-08 11:20:09.763462"
"7415","57","2.00","2018-09-08 11:20:11.766650"
"7416","58","2.00","2018-09-08 11:20:13.902868"
"7417","59","2.00","2018-09-08 11:20:15.763418"
"7418","60","2.00","2018-09-08 11:20:18.013407"
"7419","61","2.00","2018-09-08 11:20:20.061235"
"7420","62","2.00","2018-09-08 11:20:21.893904"
"7421","63","2.00","2018-09-08 11:20:24.138801"
"7422","64","2.00","2018-09-08 11:20:26.013435"
"7423","65","2.00","2018-09-08 11:20:28.144139"
"7424","66","2.00","2018-09-08 11:20:30.138318"
"7425","67","2.00","2018-09-08 11:20:32.146396"
"7426","68","2.00","2018-09-08 11:20:34.522210"
"7427","69","2.00","2018-09-08 11:20:36.527105"
"7428","70","2.00","2018-09-08 11:20:38.402988"
"7429","71","2.00","2018-09-08 11:20:40.527821"
"7430","72","2.00","2018-09-08 11:20:42.513916"
"7431","73","2.00","2018-09-08 11:20:44.566829"
"7432","74","2.00","2018-09-08 11:20:46.388433"
"7433","75","2.00","2018-09-08 11:20:48.643015"
"7434","76","2.00","2018-09-08 11:20:50.518507"
"7435","77","2.00","2018-09-08 11:20:52.513402"
"7436","78","2.00","2018-09-08 11:20:54.763361"
"7437","79","2.00","2018-09-08 11:20:56.652736"
"7438","80","2.00","2018-09-08 11:20:58.763417"
"7439","81","2.00","2018-09-08 11:21:00.513421"
"7440","82","2.00","2018-09-08 11:21:02.641717"
"7441","83","2.00","2018-09-08 11:21:05.021832"
"7442","84","2.00","2018-09-08 11:21:06.655075"
"7443","85","2.00","2018-09-08 11:21:08.642946"
"7444","86","2.00","2018-09-08 11:21:11.190872"
"7445","87","2.00","2018-09-08 11:21:12.763220"
"7446","88","2.00","2018-09-08 11:21:14.768023"
"7447","89","2.00","2018-09-08 11:21:17.142889"
"7448","90","2.00","2018-09-08 11:21:18.767855"
"7449","91","2.00","2018-09-08 11:21:20.763192"
"7450","92","2.00","2018-09-08 11:21:23.012790"
"7451","93","2.00","2018-09-08 11:21:25.021720"
"7452","94","2.00","2018-09-08 11:21:26.888243"
"7453","95","2.00","2018-09-08 11:21:28.902639"
"7454","96","2.00","2018-09-08 11:21:30.902600"
"7455","97","2.00","2018-09-08 11:21:32.902422"
"7456","98","2.00","2018-09-08 11:21:35.012779"
"7457","99","2.00","2018-09-08 11:21:37.012756"
"7458","100","2.00","2018-09-08 11:21:39.027497"
"7459","101","2.00","2018-09-08 11:21:41.016260"
"7460","102","2.00","2018-09-08 11:21:42.888169"
"7461","103","2.00","2018-09-08 11:21:44.888157"
"7462","104","2.00","2018-09-08 11:21:46.935684"
"7463","105","2.00","2018-09-08 11:21:49.277548"
"7464","106","2.00","2018-09-08 11:21:51.391375"
"7465","107","2.00","2018-09-08 11:21:53.017591"
"7466","108","2.00","2018-09-08 11:21:55.138110"
"7467","109","2.00","2018-09-08 11:21:57.152468"
"7468","110","2.00","2018-09-08 11:21:59.018301"
"7469","111","2.00","2018-09-08 11:22:01.013193"
"7470","112","2.00","2018-09-08 11:22:03.267800"
"7471","113","2.00","2018-09-08 11:22:05.098733"
"7472","114","2.00","2018-09-08 11:22:07.387989"
"7473","115","2.00","2018-09-08 11:22:09.138079"
"7474","116","2.00","2018-09-08 11:22:11.233466"
"7475","117","2.00","2018-09-08 11:22:13.388041"
"7476","118","2.00","2018-09-08 11:22:15.387931"
"7477","119","2.00","2018-09-08 11:22:17.685284"
"7478","120","2.00","2018-09-08 11:22:19.402343"
"7479","121","2.00","2018-09-08 11:22:21.387986"
"7480","122","2.00","2018-09-08 11:22:23.387997"
"7481","123","2.00","2018-09-08 11:22:25.263030"
"7482","124","2.00","2018-09-08 11:22:27.513367"
"7483","125","2.00","2018-09-08 11:22:29.526970"
"7484","126","2.00","2018-09-08 11:22:31.512858"
"7485","127","2.00","2018-09-08 11:22:33.387881"
"7486","128","2.00","2018-09-08 11:22:35.512754"
"7487","129","2.00","2018-09-08 11:22:37.517452"
"7488","130","2.00","2018-09-08 11:22:39.516023"
"7489","131","2.00","2018-09-08 11:22:41.392674"
"7490","132","2.00","2018-09-08 11:22:43.387832"
"7491","133","2.00","2018-09-08 11:22:45.392522"
"7492","134","2.00","2018-09-08 11:22:47.512822"
"7493","135","2.00","2018-09-08 11:22:49.762945"
"7494","136","2.00","2018-09-08 11:22:51.762775"
"7495","137","2.00","2018-09-08 11:22:53.731183"
"7496","138","2.00","2018-09-08 11:22:55.902138"
"7497","139","2.00","2018-09-08 11:22:57.902097"
"7498","140","2.00","2018-09-08 11:22:59.892473"
"7499","141","2.00","2018-09-08 11:23:01.767304"
"7500","142","2.00","2018-09-08 11:23:03.887705"
"7501","143","2.00","2018-09-08 11:23:05.892501"
"7502","144","2.00","2018-09-08 11:23:07.776371"
"7503","145","2.00","2018-09-08 11:23:09.887810"
"7504","146","2.00","2018-09-08 11:23:11.887798"
"7505","147","2.00","2018-09-08 11:23:13.902289"
"7506","148","2.00","2018-09-08 11:23:16.021412"
"7507","149","2.00","2018-09-08 11:23:17.887580"
"7508","150","2.00","2018-09-08 11:23:19.887641"
"7509","151","2.00","2018-09-08 11:23:21.762642"
"7510","152","2.00","2018-09-08 11:23:23.762702"
"7511","153","2.00","2018-09-08 11:23:26.028367"
"7512","154","2.00","2018-09-08 11:23:27.892214"
"7513","155","2.00","2018-09-08 11:23:30.142895"
"7514","156","2.00","2018-09-08 11:23:32.143130"
"7515","157","2.00","2018-09-08 11:23:34.141523"
"7516","158","2.00","2018-09-08 11:23:36.027019"
"7517","159","2.00","2018-09-08 11:23:38.012007"
"7518","160","2.00","2018-09-08 11:23:40.262487"
"7519","161","2.00","2018-09-08 11:23:42.138155"
"7520","162","2.00","2018-09-08 11:23:44.146360"
"7521","163","2.00","2018-09-08 11:23:46.012447"
"7522","164","2.00","2018-09-08 11:23:48.401203"
"7523","165","2.00","2018-09-08 11:23:50.137436"
"7524","166","2.00","2018-09-08 11:23:52.267734"
"7525","167","2.00","2018-09-08 11:23:54.096022"
"7526","168","2.00","2018-09-08 11:23:56.393163"
"7527","169","2.00","2018-09-08 11:23:58.409513"
"7528","170","2.00","2018-09-08 11:24:00.262448"
"7529","171","2.00","2018-09-08 11:24:02.262413"
"7530","172","2.00","2018-09-08 11:24:04.517744"
"7531","173","2.00","2018-09-08 11:24:07.139495"
"7532","174","2.00","2018-09-08 11:24:08.405619"
"7533","175","2.00","2018-09-08 11:24:10.653444"
"7534","176","2.00","2018-09-08 11:24:12.387473"
"7535","177","2.00","2018-09-08 11:24:14.534400"
"7536","178","2.00","2018-09-08 11:24:16.512050"
"7537","179","2.00","2018-09-08 11:24:18.511968"
"7538","180","2.00","2018-09-08 11:24:20.651669"
"7539","181","2.00","2018-09-08 11:24:22.387287"
"7540","182","2.00","2018-09-08 11:24:24.388579"
"7541","183","2.00","2018-09-08 11:24:26.723434"
"7542","184","2.00","2018-09-08 11:24:28.512229"
"7543","185","2.00","2018-09-08 11:24:30.766941"
"7544","186","2.00","2018-09-08 11:24:32.512179"
"7545","187","2.00","2018-09-08 11:24:34.645920"
"7546","188","2.00","2018-09-08 11:24:36.641828"
"7547","189","2.00","2018-09-08 11:24:38.642962"
"7548","190","2.00","2018-09-08 11:24:40.512132"
"7549","191","2.00","2018-09-08 11:24:42.770835"
"7550","192","2.00","2018-09-08 11:24:44.762158"
"7551","193","2.00","2018-09-08 11:24:46.762573"
"7552","194","2.00","2018-09-08 11:24:48.762131"
"7553","195","2.00","2018-09-08 11:24:50.765309"
"7554","196","2.00","2018-09-08 11:24:52.637059"
"7555","197","2.00","2018-09-08 11:24:54.762034"
"7556","198","2.00","2018-09-08 11:24:56.765345"
"7557","199","2.00","2018-09-08 11:24:58.637302"
"7558","200","2.00","2018-09-08 11:25:00.895737"
"7559","201","2.00","2018-09-08 11:25:02.776448"
"7560","202","2.00","2018-09-08 11:25:04.636978"
"7561","203","2.00","2018-09-08 11:25:06.636988"
"7562","204","2.00","2018-09-08 11:25:08.637471"
"7563","205","2.00","2018-09-08 11:25:10.654290"
"7564","206","2.00","2018-09-08 11:25:12.761946"
"7565","207","2.00","2018-09-08 11:25:14.762046"
"7566","208","2.00","2018-09-08 11:25:16.762255"
"7567","209","2.00","2018-09-08 11:25:18.770357"
"7568","210","2.00","2018-09-08 11:25:20.636841"
"7569","211","2.00","2018-09-08 11:25:22.886986"
"7570","212","2.00","2018-09-08 11:25:24.890093"
"7571","213","2.00","2018-09-08 11:25:26.766669"
"7572","214","2.00","2018-09-08 11:25:28.761877"
"7573","215","2.00","2018-09-08 11:25:30.766617"
"7574","216","2.00","2018-09-08 11:25:33.386849"
"7575","217","2.00","2018-09-08 11:25:34.886920"
"7576","218","2.00","2018-09-08 11:25:37.011821"
"7577","219","2.00","2018-09-08 11:25:39.136792"
"7578","220","2.00","2018-09-08 11:25:41.151444"
"7579","221","2.00","2018-09-08 11:25:43.391518"
"7580","222","2.00","2018-09-08 11:25:45.261809"
"7581","223","2.00","2018-09-08 11:25:47.261810"
"7582","224","2.00","2018-09-08 11:25:49.270514"
"7583","225","2.00","2018-09-08 11:25:51.232604"
"7584","226","2.00","2018-09-08 11:25:53.516308"
"7585","227","2.00","2018-09-08 11:25:55.516367"
"7586","228","2.00","2018-09-08 11:25:57.641471"
"7587","229","2.00","2018-09-08 11:25:59.511526"
"7588","230","2.00","2018-09-08 11:26:01.648764"
"7589","231","2.00","2018-09-08 11:26:03.525804"
"7590","232","2.00","2018-09-08 11:26:05.526147"
"7591","233","2.00","2018-09-08 11:26:07.511587"
"7592","234","2.00","2018-09-08 11:26:09.608233"
"7593","235","2.00","2018-09-08 11:26:11.391418"
"7594","236","2.00","2018-09-08 11:26:13.651149"
"7595","237","2.00","2018-09-08 11:26:15.386706"
"7596","238","2.00","2018-09-08 11:26:17.511474"
"7597","239","2.00","2018-09-08 11:26:19.516873"
"7598","240","2.00","2018-09-08 11:26:21.511449"
"7599","241","2.00","2018-09-08 11:26:24.053229"
"7600","242","2.00","2018-09-08 11:26:25.636790"
"7601","243","2.00","2018-09-08 11:26:27.636704"
"7602","244","2.00","2018-09-08 11:26:29.930816"
"7603","245","2.00","2018-09-08 11:26:31.761898"
"7604","246","2.00","2018-09-08 11:26:33.762025"
"7605","247","2.00","2018-09-08 11:26:35.765081"
"7606","248","2.00","2018-09-08 11:26:37.886963"
"7607","249","2.00","2018-09-08 11:26:39.891752"
"7608","250","2.00","2018-09-08 11:26:42.012024"
"7609","251","2.00","2018-09-08 11:26:44.015289"
"7610","252","2.00","2018-09-08 11:26:46.395307"
"7611","253","2.00","2018-09-08 11:26:48.012021"
"7612","254","2.00","2018-09-08 11:26:50.546075"
"7613","255","2.00","2018-09-08 11:26:52.397030"
"7614","256","2.00","2018-09-08 11:26:54.262101"
"7615","257","2.00","2018-09-08 11:26:56.279352"
"7616","258","2.00","2018-09-08 11:26:58.137160"
"7617","259","2.00","2018-09-08 11:27:00.137726"
"7618","260","2.00","2018-09-08 11:27:02.137084"
"7619","261","2.00","2018-09-08 11:27:04.222056"
"7620","262","2.00","2018-09-08 11:27:06.267456"
"7621","263","2.00","2018-09-08 11:27:08.267908"
"7622","264","2.00","2018-09-08 11:27:10.267009"
"7623","265","2.00","2018-09-08 11:27:12.637207"
"7624","266","2.00","2018-09-08 11:27:14.387201"
"7625","267","2.00","2018-09-08 11:27:16.637250"
"7626","268","2.00","2018-09-08 11:27:18.651653"
"7627","269","2.00","2018-09-08 11:27:20.511931"
"7628","270","2.00","2018-09-08 11:27:22.512376"
"7629","271","2.00","2018-09-08 11:27:24.512387"
"7630","272","2.00","2018-09-08 11:27:26.512427"
"7631","273","2.00","2018-09-08 11:27:28.637382"
"7632","274","2.00","2018-09-08 11:27:30.512199"
"7633","275","2.00","2018-09-08 11:27:32.637434"
"7634","276","2.00","2018-09-08 11:27:34.637443"
"7635","277","2.00","2018-09-08 11:27:36.512352"
"7636","278","2.00","2018-09-08 11:27:38.762417"
"7637","279","2.00","2018-09-08 11:27:40.762426"
"7638","280","2.00","2018-09-08 11:27:42.762511"
"7639","281","2.00","2018-09-08 11:27:44.637685"
"7640","282","2.00","2018-09-08 11:27:46.637525"
"7641","283","2.00","2018-09-08 11:27:48.637513"
"7642","284","2.00","2018-09-08 11:27:50.767898"
"7643","285","2.00","2018-09-08 11:27:52.892928"
"7644","286","2.00","2018-09-08 11:27:55.140781"
"7645","287","2.00","2018-09-08 11:27:57.012701"
"7646","288","2.00","2018-09-08 11:27:59.012930"
"7647","289","2.00","2018-09-08 11:28:01.137671"
"7648","290","2.00","2018-09-08 11:28:03.236555"
"7649","291","2.00","2018-09-08 11:28:05.270944"
"7650","292","2.00","2018-09-08 11:28:07.137621"
"7651","293","2.00","2018-09-08 11:28:09.151928"
"7652","294","2.00","2018-09-08 11:28:11.017898"
"7653","295","2.00","2018-09-08 11:28:13.262708"
"7654","296","2.00","2018-09-08 11:28:15.262687"
"7655","297","2.00","2018-09-08 11:28:17.262677"
"7656","298","2.00","2018-09-08 11:28:19.138231"
"7657","299","2.00","2018-09-08 11:28:21.387903"
"7658","300","2.00","2018-09-08 11:28:23.387719"
"7659","301","2.00","2018-09-08 11:28:25.387889"
"7660","302","2.00","2018-09-08 11:28:27.512295"
"7661","303","2.00","2018-09-08 11:28:29.263015"
"7662","304","2.00","2018-09-08 11:28:31.277209"
"7663","305","2.00","2018-09-08 11:28:33.515756"
"7664","306","2.00","2018-09-08 11:28:35.387710"
"7665","307","2.00","2018-09-08 11:28:37.646589"
"7666","308","2.00","2018-09-08 11:28:39.517281"
"7667","309","2.00","2018-09-08 11:28:41.387876"
"7668","310","2.00","2018-09-08 11:28:43.387896"
"7669","311","2.00","2018-09-08 11:28:45.387969"
"7670","312","2.00","2018-09-08 11:28:47.477997"
"7671","313","2.00","2018-09-08 11:28:49.518099"
"7672","314","2.00","2018-09-08 11:28:51.512831"
"7673","315","2.00","2018-09-08 11:28:53.512981"
"7674","316","2.00","2018-09-08 11:28:55.641258"
"7675","317","2.00","2018-09-08 11:28:57.638085"
"7676","318","2.00","2018-09-08 11:28:59.887987"
"7677","319","2.00","2018-09-08 11:29:01.638067"
"7678","320","2.00","2018-09-08 11:29:03.655474"
"7679","321","2.00","2018-09-08 11:29:05.512782"
"7680","322","2.00","2018-09-08 11:29:07.763161"
"7681","323","2.00","2018-09-08 11:29:09.763039"
"7682","324","2.00","2018-09-08 11:29:11.888063"
"7683","325","2.00","2018-09-08 11:29:13.888022"
"7684","326","2.00","2018-09-08 11:29:15.763098"
"7685","327","2.00","2018-09-08 11:29:18.266343"
"7686","328","2.00","2018-09-08 11:29:20.142930"
"7687","329","2.00","2018-09-08 11:29:22.392908"
"7688","330","2.00","2018-09-08 11:29:24.280838"
"7689","331","2.00","2018-09-08 11:29:26.143496"
"7690","332","2.00","2018-09-08 11:29:28.142804"
"7691","333","2.00","2018-09-08 11:29:30.138205"
"7692","334","2.00","2018-09-08 11:29:32.027487"
"7693","335","2.00","2018-09-08 11:29:34.027520"
"7694","336","2.00","2018-09-08 11:29:36.388069"
"7695","337","2.00","2018-09-08 11:29:38.141686"
"7696","338","2.00","2018-09-08 11:29:40.013175"
"7697","339","2.00","2018-09-08 11:29:42.277632"
"7698","340","2.00","2018-09-08 11:29:44.263385"
"7699","341","2.00","2018-09-08 11:29:46.267062"
"7700","342","2.00","2018-09-08 11:29:48.154999"
"7701","343","2.00","2018-09-08 11:29:50.147003"
"7702","344","2.00","2018-09-08 11:29:52.263279"
"7703","345","2.00","2018-09-08 11:29:54.606802"
"7704","346","2.00","2018-09-08 11:29:56.388044"
"7705","347","2.00","2018-09-08 11:29:58.388276"
"7706","348","2.00","2018-09-08 11:30:00.638378"
"7707","349","2.00","2018-09-08 11:30:02.777783"
"7708","350","2.00","2018-09-08 11:30:04.518496"
"7709","351","2.00","2018-09-08 11:30:06.638455"
"7710","352","2.00","2018-09-08 11:30:08.641842"
"7711","353","2.00","2018-09-08 11:30:10.513328"
"7712","354","2.00","2018-09-08 11:30:12.513027"
"7713","355","2.00","2018-09-08 11:30:14.768745"
"7714","356","2.00","2018-09-08 11:30:16.888476"
"7715","357","2.00","2018-09-08 11:30:18.888542"
"7716","358","2.00","2018-09-08 11:30:21.138330"
"7717","359","2.00","2018-09-08 11:30:22.896810"
"7718","360","2.00","2018-09-08 11:30:25.013454"
"7719","361","2.00","2018-09-08 11:30:26.763473"
"7720","362","2.00","2018-09-08 11:30:28.888430"
"7721","363","2.00","2018-09-08 11:30:30.763502"
"7722","364","2.00","2018-09-08 11:30:32.768604"
"7723","365","2.00","2018-09-08 11:30:34.768689"
"7724","366","2.00","2018-09-08 11:30:36.763473"
"7725","367","2.00","2018-09-08 11:30:39.030905"
"7726","368","2.00","2018-09-08 11:30:40.893766"
"7727","369","2.00","2018-09-08 11:30:42.888637"
"7728","370","2.00","2018-09-08 11:30:45.016919"
"7729","371","2.00","2018-09-08 11:30:46.893216"
"7730","372","2.00","2018-09-08 11:30:48.888582"
"7731","373","2.00","2018-09-08 11:30:51.138510"
"7732","374","2.00","2018-09-08 11:30:53.013579"
"7733","375","2.00","2018-09-08 11:30:55.268250"
"7734","376","2.00","2018-09-08 11:30:57.513164"
"7735","377","2.00","2018-09-08 11:30:59.388484"
"7736","378","2.00","2018-09-08 11:31:01.388640"
"7737","379","2.00","2018-09-08 11:31:03.388604"
"7738","380","2.00","2018-09-08 11:31:05.388572"
"7739","381","2.00","2018-09-08 11:31:07.518390"
"7740","382","2.00","2018-09-08 11:31:09.638563"
"7741","383","2.00","2018-09-08 11:31:11.647341"
"7742","384","2.00","2018-09-08 11:31:13.516468"
"7743","385","2.00","2018-09-08 11:31:15.638210"
"7744","386","2.00","2018-09-08 11:31:17.518402"
"7745","387","2.00","2018-09-08 11:31:19.513131"
"7746","388","2.00","2018-09-08 11:31:21.777979"
"7747","389","2.00","2018-09-08 11:31:23.888596"
"7748","390","2.00","2018-09-08 11:31:25.638639"
"7749","391","2.00","2018-09-08 11:31:27.638696"
"7750","392","2.00","2018-09-08 11:31:29.638801"
"7751","393","2.00","2018-09-08 11:31:31.763733"
"7752","394","2.00","2018-09-08 11:31:33.763692"
"7753","395","2.00","2018-09-08 11:31:35.763672"
"7754","396","2.00","2018-09-08 11:31:37.778211"
"7755","397","2.00","2018-09-08 11:31:39.655098"
"7756","398","2.00","2018-09-08 11:31:41.893579"
"7757","399","2.00","2018-09-08 11:31:43.638738"
"7758","400","2.00","2018-09-08 11:31:45.653088"
"7759","401","2.00","2018-09-08 11:31:47.768501"
"7760","402","2.00","2018-09-08 11:31:50.013538"
"7761","403","2.00","2018-09-08 11:31:51.763482"
"7762","404","2.00","2018-09-08 11:31:53.859230"
"7763","405","2.00","2018-09-08 11:31:55.644502"
"7764","406","2.00","2018-09-08 11:31:57.763855"
"7765","407","2.00","2018-09-08 11:31:59.772427"
"7766","408","2.00","2018-09-08 11:32:01.638557"
"7767","409","2.00","2018-09-08 11:32:03.763766"
"7768","410","2.00","2018-09-08 11:32:05.764009"
"7769","411","2.00","2018-09-08 11:32:07.763563"
"7770","412","2.00","2018-09-08 11:32:10.060510"
"7771","413","2.00","2018-09-08 11:32:11.888830"
"7772","414","2.00","2018-09-08 11:32:13.769246"
"7773","415","2.00","2018-09-08 11:32:16.026222"
"7774","416","2.00","2018-09-08 11:32:17.894175"
"7775","417","2.00","2018-09-08 11:32:19.888924"
"7776","418","2.00","2018-09-08 11:32:21.888495"
"7777","419","2.00","2018-09-08 11:32:23.903183"
"7778","420","2.00","2018-09-08 11:32:26.019177"
"7779","421","2.00","2018-09-08 11:32:28.018616"
"7780","422","2.00","2018-09-08 11:32:30.018642"
"7781","423","2.00","2018-09-08 11:32:31.888355"
"7782","424","2.00","2018-09-08 11:32:33.888834"
"7783","425","2.00","2018-09-08 11:32:36.139004"
"7784","426","2.00","2018-09-08 11:32:38.152194"
"7785","427","2.00","2018-09-08 11:32:40.028327"
"7786","428","2.00","2018-09-08 11:32:42.014014"
"7787","429","2.00","2018-09-08 11:32:44.014081"
"7788","430","2.00","2018-09-08 11:32:46.308615"
"7789","431","2.00","2018-09-08 11:32:48.138955"
"7790","432","2.00","2018-09-08 11:32:50.153286"
"7791","433","2.00","2018-09-08 11:32:52.153280"
"7792","434","2.00","2018-09-08 11:32:54.264104"
"7793","435","2.00","2018-09-08 11:32:56.264418"
"7794","436","2.00","2018-09-08 11:32:58.519151"
"7795","437","2.00","2018-09-08 11:33:00.263400"
"7796","438","2.00","2018-09-08 11:33:02.388705"
"7797","439","2.00","2018-09-08 11:33:04.527612"
"7798","440","2.00","2018-09-08 11:33:06.272591"
"7799","441","2.00","2018-09-08 11:33:08.388942"
"7800","442","2.00","2018-09-08 11:33:10.388835"
"7801","443","2.00","2018-09-08 11:33:12.643588"
"7802","444","2.00","2018-09-08 11:33:14.968426"
"7803","445","2.00","2018-09-08 11:33:16.519247"
"7804","446","2.00","2018-09-08 11:33:18.768634"
"7805","447","2.00","2018-09-08 11:33:20.767436"
"7806","448","2.00","2018-09-08 11:33:22.764647"
"7807","449","2.00","2018-09-08 11:33:25.014069"
"7808","450","2.00","2018-09-08 11:33:27.143743"
"7809","451","2.00","2018-09-08 11:33:29.143664"
"7810","452","2.00","2018-09-08 11:33:31.139487"
"7811","453","2.00","2018-09-08 11:33:33.389110"
"7812","454","2.00","2018-09-08 11:33:35.139040"
"7813","455","2.00","2018-09-08 11:33:37.389089"
"7814","456","2.00","2018-09-08 11:33:39.686354"
"7815","457","2.00","2018-09-08 11:33:41.264197"
"7816","458","2.00","2018-09-08 11:33:43.264207"
"7817","459","2.00","2018-09-08 11:33:45.278105"
"7818","460","2.00","2018-09-08 11:33:47.261707"
"7819","461","2.00","2018-09-08 11:33:49.268796"
"7820","462","2.00","2018-09-08 11:33:51.522815"
"7821","463","2.00","2018-09-08 11:33:53.439422"
"7822","464","2.00","2018-09-08 11:33:55.527924"
"7823","465","2.00","2018-09-08 11:33:57.514084"
"7824","466","2.00","2018-09-08 11:33:59.389685"
"7825","467","2.00","2018-09-08 11:34:01.433444"
"7826","468","2.00","2018-09-08 11:34:03.514317"
"7827","469","2.00","2018-09-08 11:34:05.639684"
"7828","470","2.00","2018-09-08 11:34:07.567426"
"7829","471","2.00","2018-09-08 11:34:09.764020"
"7830","472","2.00","2018-09-08 11:34:11.764085"
"7831","473","2.00","2018-09-08 11:34:13.772756"
"7832","474","2.00","2018-09-08 11:34:15.639210"
"7833","475","2.00","2018-09-08 11:34:17.653354"
"7834","476","2.00","2018-09-08 11:34:19.894327"
"7835","477","2.00","2018-09-08 11:34:22.018773"
"7836","478","2.00","2018-09-08 11:34:23.763959"
"7837","479","2.00","2018-09-08 11:34:25.772956"
"7838","480","2.00","2018-09-08 11:34:27.769181"
"7839","481","2.00","2018-09-08 11:34:30.014225"
"7840","482","2.00","2018-09-08 11:34:32.018935"
"7841","483","2.00","2018-09-08 11:34:34.017211"
"7842","484","2.00","2018-09-08 11:34:36.139163"
"7843","485","2.00","2018-09-08 11:34:38.014146"
"7844","486","2.00","2018-09-08 11:34:40.058855"
"7845","487","2.00","2018-09-08 11:34:42.138558"
"7846","488","2.00","2018-09-08 11:34:43.893839"
"7847","489","2.00","2018-09-08 11:34:46.014169"
"7848","490","2.00","2018-09-08 11:34:47.894589"
"7849","491","2.00","2018-09-08 11:34:50.139440"
"7850","492","2.00","2018-09-08 11:34:52.139280"
"7851","493","2.00","2018-09-08 11:34:54.267572"
"7852","494","2.00","2018-09-08 11:34:56.269017"
"7853","495","2.00","2018-09-08 11:34:58.014791"
"7854","496","2.00","2018-09-08 11:35:00.269528"
"7855","497","2.00","2018-09-08 11:35:02.017683"
"7856","498","2.00","2018-09-08 11:35:04.014299"
"7857","499","2.00","2018-09-08 11:35:06.268822"
"7858","500","2.00","2018-09-08 11:35:08.018919"
"7859","501","2.00","2018-09-08 11:35:10.017780"
"7860","502","2.00","2018-09-08 11:35:12.014282"
"7861","503","2.00","2018-09-08 11:35:14.028525"
"7862","504","2.00","2018-09-08 11:35:16.268369"
"7863","505","2.00","2018-09-08 11:35:18.138809"
"7864","506","2.00","2018-09-08 11:35:20.139197"
"7865","507","2.00","2018-09-08 11:35:22.277958"
"7866","508","2.00","2018-09-08 11:35:24.017633"
"7867","509","2.00","2018-09-08 11:35:26.144404"
"7868","510","2.00","2018-09-08 11:35:28.389322"
"7869","511","2.00","2018-09-08 11:35:30.139198"
"7870","512","2.00","2018-09-08 11:35:32.430031"
"7871","513","2.00","2018-09-08 11:35:34.264137"
"7872","514","2.00","2018-09-08 11:35:36.264088"
"7873","515","2.00","2018-09-08 11:35:38.557942"
"7874","516","2.00","2018-09-08 11:35:40.389248"
"7875","517","2.00","2018-09-08 11:35:42.139122"
"7876","518","2.00","2018-09-08 11:35:44.388942"
"7877","519","2.00","2018-09-08 11:35:46.263874"
"7878","520","2.00","2018-09-08 11:35:48.263996"
"7879","521","2.00","2018-09-08 11:35:50.268685"
"7880","522","2.00","2018-09-08 11:35:52.267776"
"7881","523","2.00","2018-09-08 11:35:54.139194"
"7882","524","2.00","2018-09-08 11:35:56.269216"
"7883","525","2.00","2018-09-08 11:35:58.263767"
"7884","526","2.00","2018-09-08 11:36:00.564113"
"7885","527","2.00","2018-09-08 11:36:02.638981"
"7886","528","2.00","2018-09-08 11:36:04.514254"
"7887","529","2.00","2018-09-08 11:36:06.516350"
"7888","530","2.00","2018-09-08 11:36:08.639173"
"7889","531","2.00","2018-09-08 11:36:10.389207"
"7890","532","2.00","2018-09-08 11:36:12.638693"
"7891","533","2.00","2018-09-08 11:36:14.517120"
"7892","534","2.00","2018-09-08 11:36:16.513785"
"7893","535","2.00","2018-09-08 11:36:18.514237"
"7894","536","2.00","2018-09-08 11:36:20.519489"
"7895","537","2.00","2018-09-08 11:36:22.599910"
"7896","538","2.00","2018-09-08 11:36:24.389140"
"7897","539","2.00","2018-09-08 11:36:26.639302"
"7898","540","2.00","2018-09-08 11:36:28.768062"
"7899","541","2.00","2018-09-08 11:36:30.639185"
"7900","542","2.00","2018-09-08 11:36:32.764231"
"7901","543","2.00","2018-09-08 11:36:34.893813"
"7902","544","2.00","2018-09-08 11:36:36.649152"
"7903","545","2.00","2018-09-08 11:36:38.639380"
"7904","546","2.00","2018-09-08 11:36:40.781036"
"7905","547","2.00","2018-09-08 11:36:42.653597"
"7906","548","2.00","2018-09-08 11:36:44.778715"
"7907","549","2.00","2018-09-08 11:36:47.272828"
"7908","550","2.00","2018-09-08 11:36:48.903254"
"7909","551","2.00","2018-09-08 11:36:51.014304"
"7910","552","2.00","2018-09-08 11:36:52.903279"
"7911","553","2.00","2018-09-08 11:36:54.889284"
"7912","554","2.00","2018-09-08 11:36:56.889249"
"7913","555","2.00","2018-09-08 11:36:59.014680"
"7914","556","2.00","2018-09-08 11:37:01.014235"
"7915","557","2.00","2018-09-08 11:37:03.014222"
"7916","558","2.00","2018-09-08 11:37:05.268051"
"7917","559","2.00","2018-09-08 11:37:07.139718"
"7918","560","2.00","2018-09-08 11:37:09.139260"
"7919","561","2.00","2018-09-08 11:37:11.278712"
"7920","562","2.00","2018-09-08 11:37:13.398040"
"7921","563","2.00","2018-09-08 11:37:15.389269"
"7922","564","2.00","2018-09-08 11:37:17.652991"
"7923","565","2.00","2018-09-08 11:37:19.519880"
"7924","566","2.00","2018-09-08 11:37:21.639202"
"7925","567","2.00","2018-09-08 11:37:23.639123"
"7926","568","2.00","2018-09-08 11:37:25.936438"
"7927","569","2.00","2018-09-08 11:37:27.514309"
"7928","570","2.00","2018-09-08 11:37:29.772979"
"7929","571","2.00","2018-09-08 11:37:31.513809"
"7930","572","2.00","2018-09-08 11:37:33.639082"
"7931","573","2.00","2018-09-08 11:37:35.894099"
"7932","574","2.00","2018-09-08 11:37:37.778656"
"7933","575","2.00","2018-09-08 11:37:39.767357"
"7934","576","2.00","2018-09-08 11:37:41.639220"
"7935","577","2.00","2018-09-08 11:37:43.644532"
"7936","578","2.00","2018-09-08 11:37:45.644512"
"7937","579","2.00","2018-09-08 11:37:47.933194"
"7938","580","2.00","2018-09-08 11:37:49.764140"
"7939","581","2.00","2018-09-08 11:37:51.764102"
"7940","582","2.00","2018-09-08 11:37:53.764238"
"7941","583","2.00","2018-09-08 11:37:55.828848"
"7942","584","2.00","2018-09-08 11:37:58.024155"
"7943","585","2.00","2018-09-08 11:37:59.893828"
"7944","586","2.00","2018-09-08 11:38:02.019001"
"7945","587","2.00","2018-09-08 11:38:04.264180"
"7946","588","2.00","2018-09-08 11:38:06.028621"
"7947","589","2.00","2018-09-08 11:38:07.888630"
"7948","590","2.00","2018-09-08 11:38:10.139586"
"7949","591","2.00","2018-09-08 11:38:12.139185"
"7950","592","2.00","2018-09-08 11:38:14.014275"
"7951","593","2.00","2018-09-08 11:38:16.018947"
"7952","594","2.00","2018-09-08 11:38:18.433451"
"7953","595","2.00","2018-09-08 11:38:20.139284"
"7954","596","2.00","2018-09-08 11:38:22.389196"
"7955","597","2.00","2018-09-08 11:38:24.281393"
"7956","598","2.00","2018-09-08 11:38:26.514244"
"7957","599","2.00","2018-09-08 11:38:28.264188"
"7958","600","2.00","2018-09-08 11:38:30.389684"
"7959","601","2.00","2018-09-08 11:38:32.264010"
"7960","602","2.00","2018-09-08 11:38:34.389216"
"7961","603","2.00","2018-09-08 11:38:36.389291"
"7962","604","2.00","2018-09-08 11:38:38.642585"
"7963","605","2.00","2018-09-08 11:38:40.514203"
"7964","606","2.00","2018-09-08 11:38:42.528489"
"7965","607","2.00","2018-09-08 11:38:44.518944"
"7966","608","2.00","2018-09-08 11:38:46.657327"
"7967","609","2.00","2018-09-08 11:38:48.643867"
"7968","610","2.00","2018-09-08 11:38:50.514268"
"7969","611","2.00","2018-09-08 11:38:52.893982"
"7970","612","2.00","2018-09-08 11:38:54.642596"
"7971","613","2.00","2018-09-08 11:38:56.514101"
"7972","614","2.00","2018-09-08 11:38:58.780452"
"7973","615","2.00","2018-09-08 11:39:00.763782"
"7974","616","2.00","2018-09-08 11:39:02.642517"
"7975","617","2.00","2018-09-08 11:39:04.764160"
"7976","618","2.00","2018-09-08 11:39:06.772819"
"7977","619","2.00","2018-09-08 11:39:08.903263"
"7978","620","2.00","2018-09-08 11:39:10.780455"
"7979","621","2.00","2018-09-08 11:39:12.639057"
"7980","622","2.00","2018-09-08 11:39:14.778518"
"7981","623","2.00","2018-09-08 11:39:17.139096"
"7982","624","2.00","2018-09-08 11:39:18.889037"
"7983","625","2.00","2018-09-08 11:39:21.232354"
"7984","626","2.00","2018-09-08 11:39:23.014118"
"7985","627","2.00","2018-09-08 11:39:25.028402"
"7986","628","2.00","2018-09-08 11:39:27.014128"
"7987","629","2.00","2018-09-08 11:39:29.095590"
"7988","630","2.00","2018-09-08 11:39:31.139140"
"7989","631","2.00","2018-09-08 11:39:33.143843"
"7990","632","2.00","2018-09-08 11:39:35.392340"
"7991","633","2.00","2018-09-08 11:39:37.264188"
"7992","634","2.00","2018-09-08 11:39:39.264082"
"7993","635","2.00","2018-09-08 11:39:41.389166"
"7994","636","2.00","2018-09-08 11:39:43.514638"
"7995","637","2.00","2018-09-08 11:39:45.763818"
"7996","638","2.00","2018-09-08 11:39:47.514271"
"7997","639","2.00","2018-09-08 11:39:49.514207"
"7998","640","2.00","2018-09-08 11:39:51.558658"
"7999","641","2.00","2018-09-08 11:39:53.389544"
"8000","642","2.00","2018-09-08 11:39:55.639650"
"8001","643","2.00","2018-09-08 11:39:57.642464"
"8002","644","2.00","2018-09-08 11:39:59.889238"
"8003","645","2.00","2018-09-08 11:40:01.764046"
"8004","646","2.00","2018-09-08 11:40:03.764068"
"8005","647","2.00","2018-09-08 11:40:05.889087"
"8006","648","2.00","2018-09-08 11:40:07.889130"
"8007","649","2.00","2018-09-08 11:40:10.156343"
"8008","650","2.00","2018-09-08 11:40:11.778472"
"8009","651","2.00","2018-09-08 11:40:13.764079"
"8010","652","2.00","2018-09-08 11:40:16.264081"
"8011","653","2.00","2018-09-08 11:40:18.014144"
"8012","654","2.00","2018-09-08 11:40:19.889045"
"8013","655","2.00","2018-09-08 11:40:21.903532"
"8014","656","2.00","2018-09-08 11:40:23.889245"
"8015","657","2.00","2018-09-08 11:40:25.893773"
"8016","658","2.00","2018-09-08 11:40:28.013979"
"8017","659","2.00","2018-09-08 11:40:30.037141"
"8018","660","2.00","2018-09-08 11:40:32.143780"
"8019","661","2.00","2018-09-08 11:40:34.139441"
"8020","662","2.00","2018-09-08 11:40:36.014159"
"8021","663","2.00","2018-09-08 11:40:38.264039"
"8022","664","2.00","2018-09-08 11:40:40.014029"
"8023","665","2.00","2018-09-08 11:40:42.014011"
"8024","666","2.00","2018-09-08 11:40:44.139056"
"8025","667","2.00","2018-09-08 11:40:46.139224"
"8026","668","2.00","2018-09-08 11:40:48.144243"
"8027","669","2.00","2018-09-08 11:40:50.389070"
"8028","670","2.00","2018-09-08 11:40:52.272732"
"8029","671","2.00","2018-09-08 11:40:54.514042"
"8030","672","2.00","2018-09-08 11:40:56.522837"
"8031","673","2.00","2018-09-08 11:40:58.514035"
"8032","674","2.00","2018-09-08 11:41:00.513879"
"8033","675","2.00","2018-09-08 11:41:02.639000"
"8034","676","2.00","2018-09-08 11:41:04.642596"
"8035","677","2.00","2018-09-08 11:41:06.638693"
"8036","678","2.00","2018-09-08 11:41:08.514062"
"8037","679","2.00","2018-09-08 11:41:10.763979"
"8038","680","2.00","2018-09-08 11:41:12.639032"
"8039","681","2.00","2018-09-08 11:41:14.639635"
"8040","682","2.00","2018-09-08 11:41:16.889071"
"8041","683","2.00","2018-09-08 11:41:18.517522"
"8042","684","2.00","2018-09-08 11:41:20.644120"
"8043","685","2.00","2018-09-08 11:41:22.514057"
"8044","686","2.00","2018-09-08 11:41:24.514043"
"8045","687","2.00","2018-09-08 11:41:26.653210"
"8046","688","2.00","2018-09-08 11:41:28.653390"
"8047","689","2.00","2018-09-08 11:41:30.638839"
"8048","690","2.00","2018-09-08 11:41:33.058231"
"8049","691","2.00","2018-09-08 11:41:34.903284"
"8050","692","2.00","2018-09-08 11:41:36.781895"
"8051","693","2.00","2018-09-08 11:41:38.894184"
"8052","694","2.00","2018-09-08 11:41:40.888949"
"8053","695","2.00","2018-09-08 11:41:43.138957"
"8054","696","2.00","2018-09-08 11:41:44.888927"
"8055","697","2.00","2018-09-08 11:41:46.982226"
"8056","698","2.00","2018-09-08 11:41:48.894085"
"8057","699","2.00","2018-09-08 11:41:51.138882"
"8058","700","2.00","2018-09-08 11:41:52.892331"
"8059","701","2.00","2018-09-08 11:41:55.013492"
"8060","702","2.00","2018-09-08 11:41:57.013641"
"8061","703","2.00","2018-09-08 11:41:59.019130"
"8062","704","2.00","2018-09-08 11:42:01.142395"
"8063","705","2.00","2018-09-08 11:42:03.138872"
"8064","706","2.00","2018-09-08 11:42:05.139236"
"8065","707","2.00","2018-09-08 11:42:07.153326"
"8066","708","2.00","2018-09-08 11:42:09.224464"
"8067","709","2.00","2018-09-08 11:42:11.268614"
"8068","710","2.00","2018-09-08 11:42:13.519121"
"8069","711","2.00","2018-09-08 11:42:15.388933"
"8070","712","2.00","2018-09-08 11:42:17.407377"
"8071","713","2.00","2018-09-08 11:42:19.513865"
"8072","714","2.00","2018-09-08 11:42:21.619867"
"8073","715","2.00","2018-09-08 11:42:23.639212"
"8074","716","2.00","2018-09-08 11:42:25.888722"
"8075","717","2.00","2018-09-08 11:42:27.642012"
"8076","718","2.00","2018-09-08 11:42:30.013412"
"8077","719","2.00","2018-09-08 11:42:31.764329"
"8078","720","2.00","2018-09-08 11:42:34.013448"
"8079","721","2.00","2018-09-08 11:42:35.889296"
"8080","722","2.00","2018-09-08 11:42:37.896312"
"8081","723","2.00","2018-09-08 11:42:39.888809"
"8082","724","2.00","2018-09-08 11:42:42.027357"
"8083","725","2.00","2018-09-08 11:42:44.027517"
"8084","726","2.00","2018-09-08 11:42:46.013478"
"8085","727","2.00","2018-09-08 11:42:48.154929"
"8086","728","2.00","2018-09-08 11:42:50.013317"
"8087","729","2.00","2018-09-08 11:42:52.018584"
"8088","730","2.00","2018-09-08 11:42:54.013344"
"8089","731","2.00","2018-09-08 11:42:56.013355"
"8090","732","2.00","2018-09-08 11:42:57.893425"
"8091","733","2.00","2018-09-08 11:42:59.888800"
"8092","734","2.00","2018-09-08 11:43:02.138818"
"8093","735","2.00","2018-09-08 11:43:04.439473"
"8094","736","2.00","2018-09-08 11:43:06.138740"
"8095","737","2.00","2018-09-08 11:43:08.138765"
"8096","738","2.00","2018-09-08 11:43:10.152616"
"8097","739","2.00","2018-09-08 11:43:12.281615"
"8098","740","2.00","2018-09-08 11:43:14.144065"
"8099","741","2.00","2018-09-08 11:43:16.138540"
"8100","742","2.00","2018-09-08 11:43:18.406998"
"8101","743","2.00","2018-09-08 11:43:20.263383"
"8102","744","2.00","2018-09-08 11:43:22.263337"
"8103","745","2.00","2018-09-08 11:43:24.518355"
"8104","746","2.00","2018-09-08 11:43:26.388703"
"8105","747","2.00","2018-09-08 11:43:28.643059"
"8106","748","2.00","2018-09-08 11:43:30.393498"
"8107","749","2.00","2018-09-08 11:43:32.393484"
"8108","750","2.00","2018-09-08 11:43:34.643792"
"8109","751","2.00","2018-09-08 11:43:36.388748"
"8110","752","2.00","2018-09-08 11:43:38.638622"
"8111","753","2.00","2018-09-08 11:43:40.638770"
