"id","nodeID","seqno","x","y","parent_plot","est_int","date"
"159063","3.00","1","60","30","2.00","20","2018-10-04 10:07:45"
"159064","1.00","0","160","30","1.00","100","2018-10-04 10:07:45"
"159065","2.00","2","110","30","1.00","0","2018-10-04 10:07:59"
"159066","1.00","0","160","30","1.00","20","2018-10-04 10:07:59"
"159067","3.00","3","60","30","2.00","22.89","2018-10-04 10:08:34"
"159068","1.00","0","160","30","1.00","20","2018-10-04 10:08:34"
"159069","2.00","3","110","30","1.00","0","2018-10-04 10:08:45"
"159070","1.00","0","160","30","1.00","20","2018-10-04 10:08:45"
"159071","3.00","4","60","30","2.00","26.14","2018-10-04 10:08:45"
"159072","1.00","0","160","30","1.00","20","2018-10-04 10:08:45"
"159073","2.00","4","110","30","1.00","0","2018-10-04 10:08:51"
"159074","1.00","0","160","30","1.00","20","2018-10-04 10:08:51"
"159075","2.00","5","110","30","1.00","0","2018-10-04 10:09:05"
"159076","1.00","0","160","30","1.00","21","2018-10-04 10:09:05"
"159077","2.00","6","110","30","1.00","6","2018-10-04 10:09:35"
"159078","1.00","0","160","30","1.00","21.8","2018-10-04 10:09:35"
"159079","2.00","7","110","30","1.00","11.39","2018-10-04 10:09:54"
"159080","1.00","0","160","30","1.00","22.62","2018-10-04 10:09:54"
"159081","3.00","7","60","30","2.00","34.91","2018-10-04 10:10:04"
"159082","1.00","0","160","30","1.00","23.36","2018-10-04 10:10:04"
"159083","2.00","8","110","30","1.00","14.63","2018-10-04 10:10:21"
"159084","1.00","0","160","30","1.00","23.02","2018-10-04 10:10:21"
"159085","3.00","9","60","30","1.00","36","2018-10-04 10:11:07"
"159086","1.00","0","160","30","1.00","22.2","2018-10-04 10:11:07"
"159087","3.00","10","60","30","1.00","32.4","2018-10-04 10:11:09"
"159088","1.00","0","160","30","1.00","22.2","2018-10-04 10:11:09"
"159089","3.00","11","60","30","1.00","35.16","2018-10-04 10:11:17"
"159090","1.00","0","160","30","1.00","21.98","2018-10-04 10:11:17"
"159091","3.00","11","60","30","1.00","35.16","2018-10-04 10:11:17"
"159092","1.00","0","160","30","1.00","21.98","2018-10-04 10:11:17"
"159093","2.00","11","110","30","1.00","8.64","2018-10-04 10:11:31"
"159094","1.00","0","160","30","1.00","21.78","2018-10-04 10:11:31"
"159095","2.00","13","110","30","1.00","11.1","2018-10-04 10:12:53"
"159096","1.00","0","160","30","1.00","21.05","2018-10-04 10:12:53"
"159097","2.00","17","110","30","1.00","38.95","2018-10-04 10:14:25"
"159098","1.00","0","160","30","1.00","20.56","2018-10-04 10:14:25"
"159099","3.00","20","60","30","2.00","41.76","2018-10-04 10:15:29"
"159100","1.00","0","160","30","1.00","20.36","2018-10-04 10:15:29"
"159101","2.00","21","110","30","1.00","48.81","2018-10-04 10:15:49"
"159102","1.00","0","160","30","1.00","20.33","2018-10-04 10:15:49"
"159103","2.00","21","110","30","1.00","48.81","2018-10-04 10:15:49"
"159104","1.00","0","160","30","1.00","20.33","2018-10-04 10:15:49"
"159105","2.00","22","110","30","1.00","50.93","2018-10-04 10:15:53"
"159106","1.00","0","160","30","1.00","20.29","2018-10-04 10:15:53"
"159107","3.00","23","60","30","1.00","48.03","2018-10-04 10:16:13"
"159108","1.00","0","160","30","1.00","20.26","2018-10-04 10:16:13"
"159109","2.00","23","110","30","1.00","53.39","2018-10-04 10:16:38"
"159110","1.00","0","160","30","1.00","20.21","2018-10-04 10:16:38"
"159111","3.00","24","60","30","1.00","50.3","2018-10-04 10:16:43"
"159112","1.00","0","160","30","1.00","20.21","2018-10-04 10:16:43"
"159113","3.00","25","60","30","1.00","51.27","2018-10-04 10:16:56"
"159114","1.00","0","160","30","1.00","20.19","2018-10-04 10:16:56"
"159115","3.00","26","60","30","1.00","52.93","2018-10-04 10:17:20"
"159116","1.00","0","160","30","1.00","20.17","2018-10-04 10:17:20"
"159117","2.00","25","110","30","1.00","55.66","2018-10-04 10:17:20"
"159118","1.00","0","160","30","1.00","20.17","2018-10-04 10:17:20"
"159119","2.00","26","110","30","1.00","56.09","2018-10-04 10:17:45"
"159120","1.00","0","160","30","1.00","18.24","2018-10-04 10:17:45"
"159121","3.00","28","60","30","1.00","54.84","2018-10-04 10:18:00"
"159122","1.00","0","160","30","1.00","17.41","2018-10-04 10:18:00"
"159123","2.00","27","110","30","1.00","50.84","2018-10-04 10:18:08"
"159124","1.00","0","160","30","1.00","17.41","2018-10-04 10:18:08"
"159125","3.00","29","60","30","1.00","55.82","2018-10-04 10:18:21"
"159126","1.00","0","160","30","1.00","16.67","2018-10-04 10:18:21"
"159127","3.00","30","60","30","2.00","56.62","2018-10-04 10:18:47"
"159128","1.00","0","160","30","1.00","15.4","2018-10-04 10:18:47"
"159129","3.00","30","60","30","2.00","56.62","2018-10-04 10:18:47"
"159130","1.00","0","160","30","1.00","15.4","2018-10-04 10:18:47"
"159131","2.00","29","110","30","1.00","33.35","2018-10-04 10:18:59"
"159132","1.00","0","160","30","1.00","15.4","2018-10-04 10:18:59"
"159133","3.00","31","60","30","2.00","57.26","2018-10-04 10:19:07"
"159134","1.00","0","160","30","1.00","14.86","2018-10-04 10:19:07"
"159135","2.00","30","110","30","1.00","27.01","2018-10-04 10:19:29"
"159136","1.00","0","160","30","1.00","14.38","2018-10-04 10:19:29"
"159137","3.00","33","60","30","1.00","37.57","2018-10-04 10:20:05"
"159138","1.00","0","160","30","1.00","13.54","2018-10-04 10:20:05"
"159139","2.00","32","110","30","1.00","19.69","2018-10-04 10:20:14"
"159140","1.00","0","160","30","1.00","13.19","2018-10-04 10:20:14"
"159141","2.00","34","110","30","1.00","28.15","2018-10-04 10:21:05"
"159142","1.00","0","160","30","1.00","13.32","2018-10-04 10:21:05"
"159143","3.00","35","60","30","1.00","45.28","2018-10-04 10:21:17"
"159144","1.00","0","160","30","1.00","13.99","2018-10-04 10:21:17"
"159145","3.00","36","60","30","1.00","46.75","2018-10-04 10:21:31"
"159146","1.00","0","160","30","1.00","14.59","2018-10-04 10:21:31"
"159147","3.00","37","60","30","1.00","49.27","2018-10-04 10:21:31"
"159148","1.00","0","160","30","1.00","14.59","2018-10-04 10:21:31"
"159149","2.00","36","110","30","1.00","36.78","2018-10-04 10:21:43"
"159150","1.00","0","160","30","1.00","15.13","2018-10-04 10:21:43"
"159151","3.00","38","60","30","1.00","50.34","2018-10-04 10:22:07"
"159152","1.00","0","160","30","1.00","15.62","2018-10-04 10:22:07"
"159153","3.00","39","60","30","1.00","51.31","2018-10-04 10:22:10"
"159154","1.00","0","160","30","1.00","15.62","2018-10-04 10:22:10"
"159155","2.00","38","110","30","3.00","43.07","2018-10-04 10:22:33"
"159156","1.00","0","160","30","1.00","15.45","2018-10-04 10:22:33"
"159157","3.00","40","60","30","1.00","41.56","2018-10-04 10:22:33"
"159158","1.00","0","160","30","1.00","15.45","2018-10-04 10:22:33"
"159159","3.00","41","60","30","1.00","33.66","2018-10-04 10:22:51"
"159160","1.00","0","160","30","1.00","15.9","2018-10-04 10:22:51"
"159161","2.00","39","110","30","3.00","46.29","2018-10-04 10:23:05"
"159162","1.00","0","160","30","1.00","16.31","2018-10-04 10:23:05"
"159163","2.00","40","110","30","1.00","48.89","2018-10-04 10:23:17"
"159164","1.00","0","160","30","1.00","16.68","2018-10-04 10:23:17"
"159165","3.00","42","60","30","1.00","27.26","2018-10-04 10:23:26"
"159166","1.00","0","160","30","1.00","17.01","2018-10-04 10:23:26"
"159167","2.00","41","110","30","1.00","51","2018-10-04 10:23:51"
"159168","1.00","0","160","30","1.00","16.31","2018-10-04 10:23:51"
"159169","2.00","42","110","30","1.00","52.71","2018-10-04 10:24:03"
"159170","1.00","0","160","30","1.00","15.68","2018-10-04 10:24:03"
"159171","2.00","43","110","30","1.00","47.44","2018-10-04 10:24:25"
"159172","1.00","0","160","30","1.00","14.6","2018-10-04 10:24:25"
"159173","2.00","44","110","30","1.00","38.42","2018-10-04 10:24:41"
"159174","1.00","0","160","30","1.00","14.14","2018-10-04 10:24:41"
"159175","3.00","45","60","30","1.00","25.89","2018-10-04 10:24:52"
"159176","1.00","0","160","30","1.00","14.14","2018-10-04 10:24:52"
"159177","2.00","45","110","30","1.00","31.12","2018-10-04 10:25:17"
"159178","1.00","0","160","30","1.00","14.35","2018-10-04 10:25:17"
"159179","3.00","46","60","30","1.00","32.37","2018-10-04 10:25:23"
"159180","1.00","0","160","30","1.00","14.35","2018-10-04 10:25:23"
"159181","2.00","46","110","30","1.00","25.21","2018-10-04 10:25:45"
"159182","1.00","0","160","30","1.00","15.42","2018-10-04 10:25:45"
"159183","3.00","48","60","30","1.00","41.87","2018-10-04 10:26:15"
"159184","1.00","0","160","30","1.00","16.29","2018-10-04 10:26:15"
"159185","2.00","49","110","30","1.00","36.63","2018-10-04 10:27:18"
"159186","1.00","0","160","30","1.00","14.86","2018-10-04 10:27:18"
"159187","2.00","50","110","30","1.00","38.96","2018-10-04 10:27:33"
"159188","1.00","0","160","30","1.00","15.83","2018-10-04 10:27:33"
"159189","2.00","51","110","30","1.00","41.07","2018-10-04 10:27:49"
"159190","1.00","0","160","30","1.00","16.25","2018-10-04 10:27:49"
"159191","2.00","52","110","30","1.00","42.96","2018-10-04 10:28:05"
"159192","1.00","0","160","30","1.00","16.62","2018-10-04 10:28:05"
"159193","2.00","54","110","30","1.00","48.82","2018-10-04 10:29:03"
"159194","1.00","0","160","30","1.00","17.54","2018-10-04 10:29:03"
"159195","2.00","55","110","30","1.00","43.94","2018-10-04 10:29:30"
"159196","1.00","0","160","30","1.00","18","2018-10-04 10:29:30"
"159197","3.00","56","60","30","2.00","43.75","2018-10-04 10:29:31"
"159198","1.00","0","160","30","1.00","18","2018-10-04 10:29:31"
"159199","2.00","57","110","30","1.00","28.82","2018-10-04 10:30:11"
"159200","1.00","0","160","30","1.00","18.54","2018-10-04 10:30:11"
"159201","3.00","59","60","30","1.00","51.36","2018-10-04 10:30:53"
"159202","1.00","0","160","30","1.00","18.94","2018-10-04 10:30:53"
"159203","2.00","59","110","30","1.00","23.02","2018-10-04 10:31:13"
"159204","1.00","0","160","30","1.00","19.04","2018-10-04 10:31:13"
"159205","3.00","60","60","30","2.00","53","2018-10-04 10:31:25"
"159206","1.00","0","160","30","1.00","19.14","2018-10-04 10:31:25"
"159207","3.00","61","60","30","1.00","54.33","2018-10-04 10:31:47"
"159208","1.00","0","160","30","1.00","19.22","2018-10-04 10:31:47"
"159209","3.00","62","60","30","1.00","55.86","2018-10-04 10:32:30"
"159210","1.00","0","160","30","1.00","19.43","2018-10-04 10:32:30"
"159211","2.00","62","110","30","1.00","28.93","2018-10-04 10:32:30"
"159212","1.00","0","160","30","1.00","19.43","2018-10-04 10:32:30"
"159213","2.00","65","110","30","1.00","41.65","2018-10-04 10:33:40"
"159214","1.00","0","160","30","1.00","19.66","2018-10-04 10:33:40"
"159215","3.00","65","60","30","1.00","57.56","2018-10-04 10:33:49"
"159216","1.00","0","160","30","1.00","19.7","2018-10-04 10:33:49"
"159217","2.00","66","110","30","1.00","45.14","2018-10-04 10:33:53"
"159218","1.00","0","160","30","1.00","19.7","2018-10-04 10:33:53"
"159219","3.00","66","60","30","1.00","58.02","2018-10-04 10:34:17"
"159220","1.00","0","160","30","1.00","19.73","2018-10-04 10:34:17"
"159221","2.00","67","110","30","1.00","36.56","2018-10-04 10:34:27"
"159222","1.00","0","160","30","1.00","18.75","2018-10-04 10:34:27"
"159223","3.00","68","60","30","1.00","58.55","2018-10-04 10:34:45"
"159224","1.00","0","160","30","1.00","17.88","2018-10-04 10:34:45"
"159225","2.00","68","110","30","1.00","32.9","2018-10-04 10:34:49"
"159226","1.00","0","160","30","1.00","17.88","2018-10-04 10:34:49"
"159227","2.00","69","110","30","1.00","26.65","2018-10-04 10:35:16"
"159228","1.00","0","160","30","1.00","17.28","2018-10-04 10:35:16"
"159229","2.00","70","110","30","3.00","21.59","2018-10-04 10:35:51"
"159230","1.00","0","160","30","1.00","18.02","2018-10-04 10:35:51"
"159231","3.00","70","60","30","2.00","59.05","2018-10-04 10:36:11"
"159232","1.00","0","160","30","1.00","17.21","2018-10-04 10:36:11"
"159233","3.00","71","60","30","2.00","59.23","2018-10-04 10:36:13"
"159234","1.00","0","160","30","1.00","17.21","2018-10-04 10:36:13"
"159235","2.00","71","110","30","1.00","15.73","2018-10-04 10:36:29"
"159236","1.00","0","160","30","1.00","16.49","2018-10-04 10:36:29"
"159237","2.00","72","110","30","1.00","12.74","2018-10-04 10:36:30"
"159238","1.00","0","160","30","1.00","16.49","2018-10-04 10:36:30"
"159239","2.00","72","110","30","1.00","12.74","2018-10-04 10:36:30"
"159240","1.00","0","160","30","1.00","16.49","2018-10-04 10:36:30"
"159241","2.00","73","110","30","1.00","10.32","2018-10-04 10:36:49"
"159242","1.00","0","160","30","1.00","15.84","2018-10-04 10:36:49"
"159243","2.00","74","110","30","1.00","9.29","2018-10-04 10:37:06"
"159244","1.00","0","160","30","1.00","15.26","2018-10-04 10:37:06"
"159245","3.00","74","60","30","2.00","59.54","2018-10-04 10:37:28"
"159246","1.00","0","160","30","1.00","16.16","2018-10-04 10:37:28"
"159247","2.00","75","110","30","1.00","7.52","2018-10-04 10:37:30"
"159248","1.00","0","160","30","1.00","16.16","2018-10-04 10:37:30"
"159249","2.00","75","110","30","1.00","7.52","2018-10-04 10:37:30"
"159250","1.00","0","160","30","1.00","16.16","2018-10-04 10:37:30"
"159251","2.00","76","110","30","1.00","6.09","2018-10-04 10:37:51"
"159252","1.00","0","160","30","1.00","16.54","2018-10-04 10:37:51"
"159253","3.00","76","60","30","1.00","59.7","2018-10-04 10:38:07"
"159254","1.00","0","160","30","1.00","16.89","2018-10-04 10:38:07"
"159255","2.00","77","110","30","1.00","4.93","2018-10-04 10:38:21"
"159256","1.00","0","160","30","1.00","17.2","2018-10-04 10:38:21"
"159257","3.00","77","60","30","1.00","59.75","2018-10-04 10:38:28"
"159258","1.00","0","160","30","1.00","18.48","2018-10-04 10:38:28"
"159259","2.00","78","110","30","1.00","4","2018-10-04 10:38:41"
"159260","1.00","0","160","30","1.00","18.63","2018-10-04 10:38:41"
"159261","2.00","79","110","30","1.00","3.6","2018-10-04 10:39:03"
"159262","1.00","0","160","30","1.00","18.77","2018-10-04 10:39:03"
"159263","2.00","80","110","30","1.00","2.91","2018-10-04 10:39:24"
"159264","1.00","0","160","30","1.00","18.89","2018-10-04 10:39:24"
"159265","2.00","82","110","30","1.00","1.91","2018-10-04 10:40:25"
"159266","1.00","0","160","30","1.00","19.27","2018-10-04 10:40:25"
"159267","2.00","83","110","30","1.00","1.54","2018-10-04 10:40:56"
"159268","1.00","0","160","30","1.00","20.41","2018-10-04 10:40:56"
"159269","3.00","83","60","30","1.00","59.92","2018-10-04 10:41:14"
"159270","1.00","0","160","30","1.00","22.23","2018-10-04 10:41:14"
"159271","2.00","84","110","30","1.00","1.25","2018-10-04 10:41:25"
"159272","1.00","0","160","30","1.00","22.23","2018-10-04 10:41:25"
"159273","3.00","85","60","30","1.00","59.95","2018-10-04 10:41:51"
"159274","1.00","0","160","30","1.00","23.7","2018-10-04 10:41:51"
"159275","2.00","85","110","30","1.00","0.91","2018-10-04 10:41:54"
"159276","1.00","0","160","30","1.00","23.7","2018-10-04 10:41:54"
"159277","2.00","86","110","30","1.00","0.82","2018-10-04 10:42:07"
"159278","1.00","0","160","30","1.00","24.33","2018-10-04 10:42:07"
"159279","3.00","86","60","30","1.00","59.95","2018-10-04 10:42:21"
"159280","1.00","0","160","30","1.00","24.9","2018-10-04 10:42:21"
"159281","3.00","87","60","30","1.00","59.96","2018-10-04 10:42:37"
"159282","1.00","0","160","30","1.00","25.41","2018-10-04 10:42:37"
"159283","2.00","87","110","30","1.00","0.66","2018-10-04 10:42:39"
"159284","1.00","0","160","30","1.00","25.41","2018-10-04 10:42:39"
"159285","2.00","88","110","30","1.00","0.6","2018-10-04 10:42:57"
"159286","1.00","0","160","30","1.00","24.87","2018-10-04 10:42:57"
"159287","3.00","88","60","30","1.00","59.97","2018-10-04 10:43:01"
"159288","1.00","0","160","30","1.00","24.38","2018-10-04 10:43:01"
"159289","3.00","89","60","30","1.00","59.97","2018-10-04 10:43:38"
"159290","1.00","0","160","30","1.00","28.35","2018-10-04 10:43:38"
"159291","3.00","90","60","30","1.00","59.97","2018-10-04 10:43:38"
"159292","1.00","0","160","30","1.00","28.35","2018-10-04 10:43:38"
"159293","3.00","92","60","30","1.00","59.98","2018-10-04 10:44:25"
"159294","1.00","0","160","30","1.00","34.21","2018-10-04 10:44:25"
"159295","2.00","92","110","30","1.00","11.65","2018-10-04 10:44:56"
"159296","1.00","0","160","30","1.00","36.21","2018-10-04 10:44:56"
"159297","3.00","95","60","30","1.00","59.99","2018-10-04 10:45:37"
"159298","1.00","0","160","30","1.00","39.14","2018-10-04 10:45:37"
"159299","2.00","97","110","30","1.00","41.27","2018-10-04 10:46:46"
"159300","1.00","0","160","30","1.00","39.43","2018-10-04 10:46:46"
"159301","2.00","98","110","30","1.00","44.82","2018-10-04 10:47:07"
"159302","1.00","0","160","30","1.00","37.64","2018-10-04 10:47:07"
"159303","2.00","99","110","30","1.00","46.34","2018-10-04 10:47:28"
"159304","1.00","0","160","30","1.00","36.87","2018-10-04 10:47:28"
"159305","3.00","99","60","30","1.00","59.99","2018-10-04 10:47:44"
"159306","1.00","0","160","30","1.00","36.19","2018-10-04 10:47:44"
"159307","2.00","100","110","30","1.00","47.71","2018-10-04 10:48:03"
"159308","1.00","0","160","30","1.00","35.57","2018-10-04 10:48:03"
"159309","3.00","100","60","30","1.00","59.99","2018-10-04 10:48:09"
"159310","1.00","0","160","30","1.00","35.01","2018-10-04 10:48:09"
"159311","2.00","101","110","30","1.00","50.04","2018-10-04 10:48:21"
"159312","1.00","0","160","30","1.00","34.51","2018-10-04 10:48:21"
"159313","2.00","102","110","30","1.00","51.93","2018-10-04 10:48:36"
"159314","1.00","0","160","30","1.00","34.06","2018-10-04 10:48:36"
"159315","2.00","103","110","30","1.00","52.74","2018-10-04 10:49:03"
"159316","1.00","0","160","30","1.00","33.65","2018-10-04 10:49:03"
"159317","3.00","103","60","30","1.00","59.99","2018-10-04 10:49:06"
"159318","1.00","0","160","30","1.00","33.65","2018-10-04 10:49:06"
"159319","2.00","104","110","30","1.00","54.12","2018-10-04 10:49:31"
"159320","1.00","0","160","30","1.00","32.96","2018-10-04 10:49:31"
"159321","2.00","105","110","30","1.00","55.23","2018-10-04 10:49:49"
"159322","1.00","0","160","30","1.00","31.66","2018-10-04 10:49:49"
"159323","2.00","108","110","30","1.00","46.92","2018-10-04 10:50:58"
"159324","1.00","0","160","30","1.00","29.08","2018-10-04 10:50:58"
"159325","3.00","108","60","30","1.00","59.99","2018-10-04 10:51:33"
"159326","1.00","0","160","30","1.00","27.35","2018-10-04 10:51:33"
"159327","2.00","109","110","30","3.00","49.41","2018-10-04 10:51:33"
"159328","1.00","0","160","30","1.00","27.35","2018-10-04 10:51:33"
"159329","3.00","109","60","30","1.00","59.99","2018-10-04 10:51:52"
"159330","1.00","0","160","30","1.00","26.62","2018-10-04 10:51:52"
"159331","3.00","111","60","30","1.00","59.99","2018-10-04 10:52:45"
"159332","1.00","0","160","30","1.00","23.34","2018-10-04 10:52:45"
"159333","2.00","111","110","30","3.00","52.28","2018-10-04 10:52:51"
"159334","1.00","0","160","30","1.00","23.34","2018-10-04 10:52:51"
"159335","2.00","112","110","30","3.00","54.37","2018-10-04 10:52:59"
"159336","1.00","0","160","30","1.00","22.01","2018-10-04 10:52:59"
"159337","3.00","112","60","30","1.00","59.99","2018-10-04 10:53:05"
"159338","1.00","0","160","30","1.00","22.01","2018-10-04 10:53:05"
"159339","2.00","114","110","30","1.00","56.3","2018-10-04 10:53:53"
"159340","1.00","0","160","30","1.00","18.75","2018-10-04 10:53:53"
"159341","2.00","115","110","30","1.00","57","2018-10-04 10:54:05"
"159342","1.00","0","160","30","1.00","17.87","2018-10-04 10:54:05"
"159343","3.00","114","60","30","2.00","59.99","2018-10-04 10:54:15"
"159344","1.00","0","160","30","1.00","17.87","2018-10-04 10:54:15"
"159345","2.00","117","110","30","3.00","58.03","2018-10-04 10:55:05"
"159346","1.00","0","160","30","1.00","18.45","2018-10-04 10:55:05"
"159347","3.00","116","60","30","1.00","59.99","2018-10-04 10:55:12"
"159348","1.00","0","160","30","1.00","18.6","2018-10-04 10:55:12"
"159349","2.00","118","110","30","1.00","58.41","2018-10-04 10:55:15"
"159350","1.00","0","160","30","1.00","18.6","2018-10-04 10:55:15"
"159351","2.00","119","110","30","1.00","58.71","2018-10-04 10:55:43"
"159352","1.00","0","160","30","1.00","18.87","2018-10-04 10:55:43"
"159353","3.00","119","60","30","1.00","59.99","2018-10-04 10:56:05"
"159354","1.00","0","160","30","1.00","18.98","2018-10-04 10:56:05"
"159355","2.00","120","110","30","1.00","58.95","2018-10-04 10:56:09"
"159356","1.00","0","160","30","1.00","18.98","2018-10-04 10:56:09"
"159357","3.00","120","60","30","1.00","59.99","2018-10-04 10:56:14"
"159358","1.00","0","160","30","1.00","19.08","2018-10-04 10:56:14"
"159359","2.00","121","110","30","1.00","59.15","2018-10-04 10:56:33"
"159360","1.00","0","160","30","1.00","19.17","2018-10-04 10:56:33"
"159361","2.00","122","110","30","1.00","59.23","2018-10-04 10:56:49"
"159362","1.00","0","160","30","1.00","19.26","2018-10-04 10:56:49"
"159363","2.00","123","110","30","1.00","53.38","2018-10-04 10:57:10"
"159364","1.00","0","160","30","1.00","19.4","2018-10-04 10:57:10"
"159365","3.00","124","60","30","1.00","59.99","2018-10-04 10:57:44"
"159366","1.00","0","160","30","1.00","19.51","2018-10-04 10:57:44"
"159367","2.00","125","110","30","1.00","41.02","2018-10-04 10:58:06"
"159368","1.00","0","160","30","1.00","19.56","2018-10-04 10:58:06"
"159369","3.00","125","60","30","1.00","59.99","2018-10-04 10:58:14"
"159370","1.00","0","160","30","1.00","19.6","2018-10-04 10:58:14"
"159371","3.00","126","60","30","1.00","59.99","2018-10-04 10:58:34"
"159372","1.00","0","160","30","1.00","19.64","2018-10-04 10:58:34"
"159373","2.00","127","110","30","1.00","46.16","2018-10-04 10:58:52"
"159374","1.00","0","160","30","1.00","19.68","2018-10-04 10:58:52"
"159375","2.00","128","110","30","1.00","49.91","2018-10-04 10:59:44"
"159376","1.00","0","160","30","1.00","19.79","2018-10-04 10:59:44"
"159377","2.00","129","110","30","1.00","51.83","2018-10-04 10:59:54"
"159378","1.00","0","160","30","1.00","19.81","2018-10-04 10:59:54"
"159379","3.00","129","60","30","1.00","59.99","2018-10-04 10:59:58"
"159380","1.00","0","160","30","1.00","19.81","2018-10-04 10:59:58"
"159381","2.00","130","110","30","1.00","53.38","2018-10-04 11:00:20"
"159382","1.00","0","160","30","1.00","19.83","2018-10-04 11:00:20"
"159383","3.00","131","60","30","1.00","59.99","2018-10-04 11:00:20"
"159384","1.00","0","160","30","1.00","19.83","2018-10-04 11:00:20"
"159385","2.00","131","110","30","1.00","54.64","2018-10-04 11:00:43"
"159386","1.00","0","160","30","1.00","19.86","2018-10-04 11:00:43"
"159387","3.00","132","60","30","1.00","59.99","2018-10-04 11:00:49"
"159388","1.00","0","160","30","1.00","19.86","2018-10-04 11:00:49"
"159389","2.00","132","110","30","1.00","55.65","2018-10-04 11:01:15"
"159390","1.00","0","160","30","1.00","19.88","2018-10-04 11:01:15"
"159391","3.00","133","60","30","1.00","59.99","2018-10-04 11:01:25"
"159392","1.00","0","160","30","1.00","19.9","2018-10-04 11:01:25"
"159393","3.00","134","60","30","1.00","59.99","2018-10-04 11:01:54"
"159394","1.00","0","160","30","1.00","19.91","2018-10-04 11:01:54"
"159395","3.00","135","60","30","1.00","59.99","2018-10-04 11:02:18"
"159396","1.00","0","160","30","1.00","19.92","2018-10-04 11:02:18"
"159397","2.00","135","110","30","1.00","44.26","2018-10-04 11:02:37"
"159398","1.00","0","160","30","1.00","18.93","2018-10-04 11:02:37"
"159399","3.00","137","60","30","1.00","43.73","2018-10-04 11:03:01"
"159400","1.00","0","160","30","1.00","18.23","2018-10-04 11:03:01"
"159401","2.00","137","110","30","1.00","49.67","2018-10-04 11:03:14"
"159402","1.00","0","160","30","1.00","18.41","2018-10-04 11:03:14"
"159403","2.00","138","110","30","1.00","50.7","2018-10-04 11:03:40"
"159404","1.00","0","160","30","1.00","18.71","2018-10-04 11:03:40"
"159405","3.00","140","60","30","1.00","50.39","2018-10-04 11:04:06"
"159406","1.00","0","160","30","1.00","18.84","2018-10-04 11:04:06"
"159407","2.00","139","110","30","1.00","52.47","2018-10-04 11:04:15"
"159408","1.00","0","160","30","1.00","18.95","2018-10-04 11:04:15"
"159409","2.00","140","110","30","1.00","53.9","2018-10-04 11:04:37"
"159410","1.00","0","160","30","1.00","19.06","2018-10-04 11:04:37"
"159411","2.00","141","110","30","1.00","55.06","2018-10-04 11:04:51"
"159412","1.00","0","160","30","1.00","19.15","2018-10-04 11:04:51"
"159413","3.00","143","60","30","1.00","54.33","2018-10-04 11:05:02"
"159414","1.00","0","160","30","1.00","19.24","2018-10-04 11:05:02"
"159415","2.00","142","110","30","1.00","44.6","2018-10-04 11:05:16"
"159416","1.00","0","160","30","1.00","19.31","2018-10-04 11:05:16"
"159417","2.00","143","110","30","1.00","40.14","2018-10-04 11:05:41"
"159418","1.00","0","160","30","1.00","19.44","2018-10-04 11:05:41"
"159419","2.00","144","110","30","1.00","32.51","2018-10-04 11:06:14"
"159420","1.00","0","160","30","1.00","19.55","2018-10-04 11:06:14"
"159421","3.00","146","60","30","1.00","56.65","2018-10-04 11:06:17"
"159422","1.00","0","160","30","1.00","19.55","2018-10-04 11:06:17"
"159423","3.00","147","60","30","1.00","57.28","2018-10-04 11:06:35"
"159424","1.00","0","160","30","1.00","19.63","2018-10-04 11:06:35"
"159425","2.00","145","110","30","1.00","23.7","2018-10-04 11:06:55"
"159426","1.00","0","160","30","1.00","19.67","2018-10-04 11:06:55"
"159427","3.00","148","60","30","1.00","57.8","2018-10-04 11:07:02"
"159428","1.00","0","160","30","1.00","19.67","2018-10-04 11:07:02"
"159429","2.00","148","110","30","1.00","17.45","2018-10-04 11:08:13"
"159430","1.00","0","160","30","1.00","20.61","2018-10-04 11:08:13"
"159431","3.00","151","60","30","1.00","58.7","2018-10-04 11:08:23"
"159432","1.00","0","160","30","1.00","20.55","2018-10-04 11:08:23"
"159433","2.00","149","110","30","1.00","14.13","2018-10-04 11:08:27"
"159434","1.00","0","160","30","1.00","20.55","2018-10-04 11:08:27"
"159435","3.00","153","60","30","1.00","59.05","2018-10-04 11:08:51"
"159436","1.00","0","160","30","1.00","20.49","2018-10-04 11:08:51"
"159437","2.00","150","110","30","1.00","12.72","2018-10-04 11:08:58"
"159438","1.00","0","160","30","1.00","20.44","2018-10-04 11:08:58"
"159439","2.00","151","110","30","1.00","9.27","2018-10-04 11:09:38"
"159440","1.00","0","160","30","1.00","20.36","2018-10-04 11:09:38"
"159441","2.00","152","110","30","1.00","8.34","2018-10-04 11:09:52"
"159442","1.00","0","160","30","1.00","20.32","2018-10-04 11:09:52"
"159443","3.00","156","60","30","1.00","59.37","2018-10-04 11:09:53"
"159444","1.00","0","160","30","1.00","20.32","2018-10-04 11:09:53"
"159445","2.00","153","110","30","1.00","6.08","2018-10-04 11:10:17"
"159446","1.00","0","160","30","1.00","18.36","2018-10-04 11:10:17"
"159447","3.00","157","60","30","1.00","59.49","2018-10-04 11:10:31"
"159448","1.00","0","160","30","1.00","17.52","2018-10-04 11:10:31"
"159449","3.00","158","60","30","1.00","59.59","2018-10-04 11:10:46"
"159450","1.00","0","160","30","1.00","16.77","2018-10-04 11:10:46"
"159451","2.00","154","110","30","1.00","5.47","2018-10-04 11:10:54"
"159452","1.00","0","160","30","1.00","16.77","2018-10-04 11:10:54"
"159453","3.00","159","60","30","1.00","59.67","2018-10-04 11:11:11"
"159454","1.00","0","160","30","1.00","15.48","2018-10-04 11:11:11"
"159455","2.00","155","110","30","1.00","3.99","2018-10-04 11:11:18"
"159456","1.00","0","160","30","1.00","15.48","2018-10-04 11:11:18"
"159457","3.00","160","60","30","1.00","59.7","2018-10-04 11:11:32"
"159458","1.00","0","160","30","1.00","14.93","2018-10-04 11:11:32"
"159459","2.00","156","110","30","1.00","3.23","2018-10-04 11:11:51"
"159460","1.00","0","160","30","1.00","14.44","2018-10-04 11:11:51"
"159461","3.00","161","60","30","1.00","59.75","2018-10-04 11:12:00"
"159462","1.00","0","160","30","1.00","14","2018-10-04 11:12:00"
"159463","2.00","157","110","30","1.00","2.91","2018-10-04 11:12:11"
"159464","1.00","0","160","30","1.00","13.6","2018-10-04 11:12:11"
"159465","2.00","158","110","30","1.00","2.35","2018-10-04 11:12:25"
"159466","1.00","0","160","30","1.00","13.24","2018-10-04 11:12:25"
"159467","3.00","164","60","30","1.00","49.61","2018-10-04 11:13:23"
"159468","1.00","0","160","30","1.00","12.36","2018-10-04 11:13:23"
"159469","2.00","160","110","30","1.00","1.54","2018-10-04 11:13:44"
"159470","1.00","0","160","30","1.00","11.91","2018-10-04 11:13:44"
"159471","3.00","167","60","30","1.00","47.86","2018-10-04 11:14:30"
"159472","1.00","0","160","30","1.00","11.39","2018-10-04 11:14:30"
"159473","2.00","163","110","30","1.00","25.39","2018-10-04 11:14:44"
"159474","1.00","0","160","30","1.00","11.25","2018-10-04 11:14:44"
"159475","2.00","164","110","30","1.00","31.96","2018-10-04 11:15:04"
"159476","1.00","0","160","30","1.00","11.13","2018-10-04 11:15:04"
"159477","3.00","170","60","30","1.00","52.83","2018-10-04 11:15:35"
"159478","1.00","0","160","30","1.00","10.91","2018-10-04 11:15:35"
"159479","3.00","171","60","30","1.00","53.55","2018-10-04 11:15:54"
"159480","1.00","0","160","30","1.00","10.82","2018-10-04 11:15:54"
"159481","2.00","167","110","30","1.00","43.44","2018-10-04 11:16:17"
"159482","1.00","0","160","30","1.00","10.66","2018-10-04 11:16:17"
"159483","2.00","168","110","30","1.00","46.59","2018-10-04 11:16:37"
"159484","1.00","0","160","30","1.00","10.6","2018-10-04 11:16:37"
"159485","3.00","173","60","30","1.00","55.29","2018-10-04 11:16:44"
"159486","1.00","0","160","30","1.00","10.54","2018-10-04 11:16:44"
"159487","2.00","169","110","30","1.00","49.13","2018-10-04 11:17:02"
"159488","1.00","0","160","30","1.00","10.48","2018-10-04 11:17:02"
"159489","3.00","174","60","30","1.00","56.19","2018-10-04 11:17:12"
"159490","1.00","0","160","30","1.00","10.48","2018-10-04 11:17:12"
"159491","2.00","170","110","30","1.00","50.22","2018-10-04 11:17:22"
"159492","1.00","0","160","30","1.00","11.43","2018-10-04 11:17:22"
"159493","2.00","171","110","30","1.00","52.08","2018-10-04 11:17:50"
"159494","1.00","0","160","30","1.00","13.29","2018-10-04 11:17:50"
"159495","3.00","177","60","30","2.00","57.97","2018-10-04 11:19:17"
"159496","1.00","0","160","30","1.00","16.43","2018-10-04 11:19:17"
"159497","2.00","175","110","30","1.00","56.59","2018-10-04 11:19:38"
"159498","1.00","0","160","30","1.00","17.11","2018-10-04 11:19:38"
"159499","3.00","180","60","30","1.00","58.67","2018-10-04 11:19:42"
"159500","1.00","0","160","30","1.00","17.11","2018-10-04 11:19:42"
"159501","2.00","176","110","30","1.00","56.93","2018-10-04 11:19:53"
"159502","1.00","0","160","30","1.00","17.4","2018-10-04 11:19:53"
"159503","2.00","177","110","30","1.00","57.51","2018-10-04 11:20:19"
"159504","1.00","0","160","30","1.00","17.66","2018-10-04 11:20:19"
"159505","2.00","178","110","30","1.00","57.98","2018-10-04 11:20:46"
"159506","1.00","0","160","30","1.00","18.1","2018-10-04 11:20:46"
"159507","2.00","179","110","30","1.00","58.36","2018-10-04 11:21:08"
"159508","1.00","0","160","30","1.00","18.46","2018-10-04 11:21:08"
"159509","2.00","180","110","30","1.00","58.67","2018-10-04 11:21:44"
"159510","1.00","0","160","30","1.00","18.75","2018-10-04 11:21:44"
"159511","3.00","186","60","30","1.00","59.53","2018-10-04 11:22:08"
"159512","1.00","0","160","30","1.00","18.88","2018-10-04 11:22:08"
"159513","2.00","182","110","30","1.00","59.03","2018-10-04 11:22:22"
"159514","1.00","0","160","30","1.00","18.99","2018-10-04 11:22:22"
"159515","3.00","188","60","30","1.00","59.72","2018-10-04 11:22:54"
"159516","1.00","0","160","30","1.00","19.18","2018-10-04 11:22:54"
"159517","2.00","183","110","30","1.00","47.82","2018-10-04 11:23:02"
"159518","1.00","0","160","30","1.00","19.26","2018-10-04 11:23:02"
"159519","2.00","184","110","30","1.00","38.73","2018-10-04 11:23:20"
"159520","1.00","0","160","30","1.00","19.33","2018-10-04 11:23:20"
"159521","2.00","185","110","30","1.00","31.37","2018-10-04 11:23:31"
"159522","1.00","0","160","30","1.00","19.4","2018-10-04 11:23:31"
"159523","2.00","186","110","30","1.00","25.41","2018-10-04 11:24:09"
"159524","1.00","0","160","30","1.00","17.61","2018-10-04 11:24:09"
"159525","2.00","187","110","30","1.00","20.58","2018-10-04 11:24:28"
"159526","1.00","0","160","30","1.00","16.17","2018-10-04 11:24:28"
"159527","2.00","189","110","30","1.00","19.5","2018-10-04 11:25:36"
"159528","1.00","0","160","30","1.00","14.04","2018-10-04 11:25:36"
"159529","2.00","190","110","30","3.00","17.55","2018-10-04 11:25:50"
"159530","1.00","0","160","30","1.00","13.64","2018-10-04 11:25:50"
"159531","3.00","195","60","30","2.00","59.93","2018-10-04 11:26:10"
"159532","1.00","0","160","30","1.00","12.95","2018-10-04 11:26:10"
"159533","2.00","196","110","30","1.00","39.13","2018-10-04 11:28:11"
"159534","1.00","0","160","30","1.00","11.27","2018-10-04 11:28:11"
"159535","2.00","198","110","30","1.00","44.78","2018-10-04 11:28:50"
"159536","1.00","0","160","30","1.00","11.02","2018-10-04 11:28:50"
"159537","3.00","202","60","30","1.00","61.79","2018-10-04 11:28:56"
"159538","1.00","0","160","30","1.00","11.02","2018-10-04 11:28:56"
"159539","2.00","200","110","30","1.00","48.9","2018-10-04 11:29:33"
"159540","1.00","0","160","30","1.00","10.75","2018-10-04 11:29:33"
"159541","2.00","200","110","30","1.00","48.9","2018-10-04 11:29:33"
"159542","1.00","0","160","30","1.00","10.75","2018-10-04 11:29:33"
"159543","3.00","205","60","30","2.00","61.17","2018-10-04 11:30:26"
"159544","1.00","0","160","30","1.00","10.54","2018-10-04 11:30:26"
"159545","3.00","205","60","30","2.00","61.17","2018-10-04 11:30:26"
"159546","1.00","0","160","30","1.00","10.54","2018-10-04 11:30:26"
"159547","2.00","202","110","30","1.00","52.72","2018-10-04 11:30:35"
"159548","1.00","0","160","30","1.00","10.49","2018-10-04 11:30:35"
"159549","2.00","202","110","30","1.00","52.72","2018-10-04 11:30:35"
"159550","1.00","0","160","30","1.00","10.49","2018-10-04 11:30:35"
"159551","3.00","207","60","30","2.00","60.85","2018-10-04 11:30:54"
"159552","1.00","0","160","30","1.00","10.44","2018-10-04 11:30:54"
"159553","3.00","207","60","30","2.00","60.85","2018-10-04 11:30:54"
"159554","1.00","0","160","30","1.00","10.44","2018-10-04 11:30:54"
"159555","3.00","208","60","30","2.00","60.69","2018-10-04 11:31:32"
"159556","1.00","0","160","30","1.00","10.32","2018-10-04 11:31:32"
"159557","2.00","204","110","30","3.00","55.22","2018-10-04 11:31:42"
"159558","1.00","0","160","30","1.00","10.32","2018-10-04 11:31:42"
"159559","2.00","205","110","30","1.00","50.13","2018-10-04 11:31:48"
"159560","1.00","0","160","30","1.00","11.29","2018-10-04 11:31:48"
"159561","2.00","206","110","30","1.00","40.6","2018-10-04 11:32:01"
"159562","1.00","0","160","30","1.00","12.16","2018-10-04 11:32:01"
"159563","2.00","207","110","30","1.00","32.89","2018-10-04 11:32:34"
"159564","1.00","0","160","30","1.00","13.65","2018-10-04 11:32:34"
"159565","2.00","208","110","30","1.00","32.64","2018-10-04 11:33:01"
"159566","1.00","0","160","30","1.00","14.85","2018-10-04 11:33:01"
"159567","2.00","210","110","30","1.00","36.65","2018-10-04 11:33:52"
"159568","1.00","0","160","30","1.00","16.25","2018-10-04 11:33:52"
"159569","3.00","215","60","30","1.00","60.17","2018-10-04 11:34:13"
"159570","1.00","0","160","30","1.00","16.62","2018-10-04 11:34:13"
"159571","3.00","216","60","30","1.00","60.14","2018-10-04 11:34:36"
"159572","1.00","0","160","30","1.00","17.26","2018-10-04 11:34:36"
"159573","3.00","217","60","30","2.00","60.1","2018-10-04 11:35:29"
"159574","1.00","0","160","30","1.00","17.1","2018-10-04 11:35:29"
"159575","3.00","217","60","30","2.00","60.1","2018-10-04 11:35:29"
"159576","1.00","0","160","30","1.00","17.1","2018-10-04 11:35:29"
"159577","3.00","217","60","30","2.00","60.1","2018-10-04 11:35:29"
"159578","1.00","0","160","30","1.00","17.1","2018-10-04 11:35:29"
"159579","3.00","217","60","30","2.00","60.1","2018-10-04 11:35:36"
"159580","1.00","0","160","30","1.00","17.39","2018-10-04 11:35:36"
"159581","3.00","219","60","30","1.00","60.07","2018-10-04 11:35:58"
"159582","1.00","0","160","30","1.00","17.65","2018-10-04 11:35:58"
"159583","3.00","220","60","30","1.00","60.06","2018-10-04 11:36:16"
"159584","1.00","0","160","30","1.00","17.1","2018-10-04 11:36:16"
"159585","2.00","216","110","30","1.00","52.67","2018-10-04 11:36:18"
"159586","1.00","0","160","30","1.00","17.1","2018-10-04 11:36:18"
"159587","3.00","221","60","30","1.00","60.04","2018-10-04 11:36:44"
"159588","1.00","0","160","30","1.00","15.75","2018-10-04 11:36:44"
"159589","2.00","217","110","30","1.00","54.06","2018-10-04 11:36:46"
"159590","1.00","0","160","30","1.00","15.75","2018-10-04 11:36:46"
"159591","2.00","218","110","30","1.00","55.19","2018-10-04 11:37:04"
"159592","1.00","0","160","30","1.00","16.17","2018-10-04 11:37:04"
"159593","3.00","222","60","30","1.00","60.04","2018-10-04 11:37:09"
"159594","1.00","0","160","30","1.00","16.17","2018-10-04 11:37:09"
"159595","3.00","223","60","30","1.00","60.03","2018-10-04 11:37:28"
"159596","1.00","0","160","30","1.00","15.55","2018-10-04 11:37:28"
"159597","2.00","219","110","30","1.00","56.1","2018-10-04 11:37:34"
"159598","1.00","0","160","30","1.00","15","2018-10-04 11:37:34"
"159599","3.00","224","60","30","1.00","60.02","2018-10-04 11:37:52"
"159600","1.00","0","160","30","1.00","14.5","2018-10-04 11:37:52"
"159601","2.00","220","110","30","1.00","56.84","2018-10-04 11:37:58"
"159602","1.00","0","160","30","1.00","14.5","2018-10-04 11:37:58"
"159603","3.00","225","60","30","1.00","60.02","2018-10-04 11:38:07"
"159604","1.00","0","160","30","1.00","14.05","2018-10-04 11:38:07"
"159605","2.00","223","110","30","1.00","50.01","2018-10-04 11:39:20"
"159606","1.00","0","160","30","1.00","15.83","2018-10-04 11:39:20"
"159607","3.00","228","60","30","2.00","50.78","2018-10-04 11:39:22"
"159608","1.00","0","160","30","1.00","15.83","2018-10-04 11:39:22"
"159609","2.00","224","110","30","1.00","51.91","2018-10-04 11:39:38"
"159610","1.00","0","160","30","1.00","16.24","2018-10-04 11:39:38"
"159611","3.00","229","60","30","1.00","52.53","2018-10-04 11:39:48"
"159612","1.00","0","160","30","1.00","16.62","2018-10-04 11:39:48"
"159613","3.00","230","60","30","1.00","53.95","2018-10-04 11:40:07"
"159614","1.00","0","160","30","1.00","16.96","2018-10-04 11:40:07"
"159615","2.00","225","110","30","1.00","53.44","2018-10-04 11:40:11"
"159616","1.00","0","160","30","1.00","16.96","2018-10-04 11:40:11"
"159617","2.00","226","110","30","1.00","54.1","2018-10-04 11:40:23"
"159618","1.00","0","160","30","1.00","17.26","2018-10-04 11:40:23"
"159619","3.00","231","60","30","1.00","55.1","2018-10-04 11:40:34"
"159620","1.00","0","160","30","1.00","17.53","2018-10-04 11:40:34"
"159621","3.00","232","60","30","1.00","55.59","2018-10-04 11:40:47"
"159622","1.00","0","160","30","1.00","17.78","2018-10-04 11:40:47"
"159623","2.00","227","110","30","1.00","49.22","2018-10-04 11:40:48"
"159624","1.00","0","160","30","1.00","17.78","2018-10-04 11:40:48"
"159625","3.00","233","60","30","1.00","56.42","2018-10-04 11:41:05"
"159626","1.00","0","160","30","1.00","18","2018-10-04 11:41:05"
"159627","2.00","228","110","30","1.00","44.3","2018-10-04 11:41:11"
"159628","1.00","0","160","30","1.00","18","2018-10-04 11:41:11"
"159629","2.00","229","110","30","1.00","35.88","2018-10-04 11:41:23"
"159630","1.00","0","160","30","1.00","19.2","2018-10-04 11:41:23"
"159631","2.00","230","110","30","1.00","32.29","2018-10-04 11:41:42"
"159632","1.00","0","160","30","1.00","19.28","2018-10-04 11:41:42"
"159633","3.00","236","60","30","2.00","57.89","2018-10-04 11:42:24"
"159634","1.00","0","160","30","1.00","19.47","2018-10-04 11:42:24"
"159635","2.00","232","110","30","1.00","27.18","2018-10-04 11:42:29"
"159636","1.00","0","160","30","1.00","19.47","2018-10-04 11:42:29"
"159637","2.00","235","110","30","1.00","37.25","2018-10-04 11:43:56"
"159638","1.00","0","160","30","1.00","20.45","2018-10-04 11:43:56"
"159639","3.00","240","60","30","2.00","58.99","2018-10-04 11:44:07"
"159640","1.00","0","160","30","1.00","20.4","2018-10-04 11:44:07"
"159641","2.00","236","110","30","1.00","41.57","2018-10-04 11:44:18"
"159642","1.00","0","160","30","1.00","20.36","2018-10-04 11:44:18"
"159643","3.00","241","60","30","2.00","59.18","2018-10-04 11:44:32"
"159644","1.00","0","160","30","1.00","20.32","2018-10-04 11:44:32"
"159645","2.00","237","110","30","1.00","45.07","2018-10-04 11:44:40"
"159646","1.00","0","160","30","1.00","20.32","2018-10-04 11:44:40"
"159647","2.00","238","110","30","1.00","46.56","2018-10-04 11:45:06"
"159648","1.00","0","160","30","1.00","20.26","2018-10-04 11:45:06"
"159649","2.00","238","110","30","1.00","46.56","2018-10-04 11:45:06"
"159650","1.00","0","160","30","1.00","20.26","2018-10-04 11:45:06"
"159651","2.00","239","110","30","1.00","47.91","2018-10-04 11:45:30"
"159652","1.00","0","160","30","1.00","20.24","2018-10-04 11:45:30"
"159653","3.00","243","60","30","2.00","59.46","2018-10-04 11:45:32"
"159654","1.00","0","160","30","1.00","20.24","2018-10-04 11:45:32"
"159655","2.00","240","110","30","1.00","51.18","2018-10-04 11:46:08"
"159656","1.00","0","160","30","1.00","20.17","2018-10-04 11:46:08"
"159657","2.00","242","110","30","1.00","47.57","2018-10-04 11:47:00"
"159658","1.00","0","160","30","1.00","20.12","2018-10-04 11:47:00"
"159659","3.00","247","60","30","1.00","59.74","2018-10-04 11:47:04"
"159660","1.00","0","160","30","1.00","20.12","2018-10-04 11:47:04"
"159661","2.00","243","110","30","1.00","50.94","2018-10-04 11:47:13"
"159662","1.00","0","160","30","1.00","20.11","2018-10-04 11:47:13"
"159663","3.00","248","60","30","1.00","59.79","2018-10-04 11:47:34"
"159664","1.00","0","160","30","1.00","19.09","2018-10-04 11:47:34"
"159665","2.00","244","110","30","1.00","52.66","2018-10-04 11:47:50"
"159666","1.00","0","160","30","1.00","20.18","2018-10-04 11:47:50"
"159667","2.00","245","110","30","1.00","53.39","2018-10-04 11:48:02"
"159668","1.00","0","160","30","1.00","20.18","2018-10-04 11:48:02"
"159669","3.00","249","60","30","1.00","59.83","2018-10-04 11:48:03"
"159670","1.00","0","160","30","1.00","20.18","2018-10-04 11:48:03"
"159671","3.00","250","60","30","1.00","59.86","2018-10-04 11:48:26"
"159672","1.00","0","160","30","1.00","22.04","2018-10-04 11:48:26"
"159673","2.00","246","110","30","1.00","43.25","2018-10-04 11:48:30"
"159674","1.00","0","160","30","1.00","22.04","2018-10-04 11:48:30"
"159675","3.00","251","60","30","1.00","59.88","2018-10-04 11:48:46"
"159676","1.00","0","160","30","1.00","21.84","2018-10-04 11:48:46"
"159677","2.00","247","110","30","1.00","38.92","2018-10-04 11:48:49"
"159678","1.00","0","160","30","1.00","21.65","2018-10-04 11:48:49"
"159679","3.00","252","60","30","1.00","59.9","2018-10-04 11:49:10"
"159680","1.00","0","160","30","1.00","21.49","2018-10-04 11:49:10"
"159681","2.00","248","110","30","1.00","31.53","2018-10-04 11:49:35"
"159682","1.00","0","160","30","1.00","21.34","2018-10-04 11:49:35"
"159683","2.00","249","110","30","1.00","25.53","2018-10-04 11:49:44"
"159684","1.00","0","160","30","1.00","21.2","2018-10-04 11:49:44"
"159685","2.00","250","110","30","1.00","20.68","2018-10-04 11:50:03"
"159686","1.00","0","160","30","1.00","22.08","2018-10-04 11:50:03"
"159687","3.00","255","60","30","1.00","50.7","2018-10-04 11:50:03"
"159688","1.00","0","160","30","1.00","22.08","2018-10-04 11:50:03"
"159689","2.00","251","110","30","1.00","18.61","2018-10-04 11:50:20"
"159690","1.00","0","160","30","1.00","23.87","2018-10-04 11:50:20"
"159691","2.00","252","110","30","1.00","13.57","2018-10-04 11:51:00"
"159692","1.00","0","160","30","1.00","27.43","2018-10-04 11:51:00"
"159693","2.00","252","110","30","1.00","13.57","2018-10-04 11:51:00"
"159694","1.00","0","160","30","1.00","27.43","2018-10-04 11:51:00"
"159695","2.00","254","110","30","1.00","9.89","2018-10-04 11:51:50"
"159696","1.00","0","160","30","1.00","28.94","2018-10-04 11:51:50"
"159697","2.00","254","110","30","1.00","9.89","2018-10-04 11:51:50"
"159698","1.00","0","160","30","1.00","28.94","2018-10-04 11:51:50"
"159699","2.00","255","110","30","1.00","14.01","2018-10-04 11:52:14"
"159700","1.00","0","160","30","1.00","29.04","2018-10-04 11:52:14"
"159701","3.00","260","60","30","1.00","56.39","2018-10-04 11:52:18"
"159702","1.00","0","160","30","1.00","29.14","2018-10-04 11:52:18"
"159703","2.00","256","110","30","1.00","22.75","2018-10-04 11:52:24"
"159704","1.00","0","160","30","1.00","29.14","2018-10-04 11:52:24"
"159705","3.00","261","60","30","1.00","57.08","2018-10-04 11:52:40"
"159706","1.00","0","160","30","1.00","29.22","2018-10-04 11:52:40"
"159707","3.00","262","60","30","1.00","46.23","2018-10-04 11:53:08"
"159708","1.00","0","160","30","1.00","29.37","2018-10-04 11:53:08"
"159709","3.00","263","60","30","1.00","37.45","2018-10-04 11:53:34"
"159710","1.00","0","160","30","1.00","29.43","2018-10-04 11:53:34"
"159711","2.00","259","110","30","1.00","25.57","2018-10-04 11:53:50"
"159712","1.00","0","160","30","1.00","29.49","2018-10-04 11:53:50"
"159713","3.00","265","60","30","2.00","30.57","2018-10-04 11:54:58"
"159714","1.00","0","160","30","1.00","29.97","2018-10-04 11:54:58"
"159715","2.00","261","110","30","1.00","37.41","2018-10-04 11:55:04"
"159716","1.00","0","160","30","1.00","29.97","2018-10-04 11:55:04"
"159717","2.00","261","110","30","1.00","37.41","2018-10-04 11:55:04"
"159718","1.00","0","160","30","1.00","29.97","2018-10-04 11:55:04"
"159719","2.00","262","110","30","1.00","41.7","2018-10-04 11:55:06"
"159720","1.00","0","160","30","1.00","29.97","2018-10-04 11:55:06"
"159721","2.00","263","110","30","1.00","45.17","2018-10-04 11:55:30"
"159722","1.00","0","160","30","1.00","29.97","2018-10-04 11:55:30"
"159723","2.00","264","110","30","1.00","46.66","2018-10-04 11:55:58"
"159724","1.00","0","160","30","1.00","30.88","2018-10-04 11:55:58"
"159725","3.00","270","60","30","1.00","32.75","2018-10-04 11:56:02"
"159726","1.00","0","160","30","1.00","30.88","2018-10-04 11:56:02"
"159727","3.00","271","60","30","1.00","37.93","2018-10-04 11:56:34"
"159728","1.00","0","160","30","1.00","30.71","2018-10-04 11:56:34"
"159729","2.00","266","110","30","1.00","36.61","2018-10-04 11:56:56"
"159730","1.00","0","160","30","1.00","30.57","2018-10-04 11:56:56"
"159731","2.00","268","110","30","1.00","42.95","2018-10-04 11:57:24"
"159732","1.00","0","160","30","1.00","30.46","2018-10-04 11:57:24"
"159733","2.00","269","110","30","1.00","46.19","2018-10-04 11:57:57"
"159734","1.00","0","160","30","1.00","30.37","2018-10-04 11:57:57"
"159735","3.00","275","60","30","1.00","49.44","2018-10-04 11:58:06"
"159736","1.00","0","160","30","1.00","30.37","2018-10-04 11:58:06"
"159737","2.00","270","110","30","1.00","48.81","2018-10-04 11:58:24"
"159738","1.00","0","160","30","1.00","29.34","2018-10-04 11:58:24"
"159739","2.00","271","110","30","1.00","50.93","2018-10-04 11:58:45"
"159740","1.00","0","160","30","1.00","27.56","2018-10-04 11:58:45"
"159741","3.00","278","60","30","2.00","53.76","2018-10-04 11:59:08"
"159742","1.00","0","160","30","1.00","26.81","2018-10-04 11:59:08"
"159743","2.00","272","110","30","1.00","51.84","2018-10-04 11:59:12"
"159744","1.00","0","160","30","1.00","26.81","2018-10-04 11:59:12"
"159745","2.00","275","110","30","1.00","38.92","2018-10-04 12:00:15"
"159746","1.00","0","160","30","1.00","24.02","2018-10-04 12:00:15"
"159747","2.00","276","110","30","1.00","31.52","2018-10-04 12:00:42"
"159748","1.00","0","160","30","1.00","23.61","2018-10-04 12:00:42"
"159749","2.00","277","110","30","1.00","28.37","2018-10-04 12:00:52"
"159750","1.00","0","160","30","1.00","23.25","2018-10-04 12:00:52"
"159751","2.00","277","110","30","1.00","28.37","2018-10-04 12:00:52"
"159752","1.00","0","160","30","1.00","23.25","2018-10-04 12:00:52"
"159753","2.00","278","110","30","1.00","22.98","2018-10-04 12:01:22"
"159754","1.00","0","160","30","1.00","22.63","2018-10-04 12:01:22"
"159755","3.00","284","60","30","1.00","57.82","2018-10-04 12:01:24"
"159756","1.00","0","160","30","1.00","22.63","2018-10-04 12:01:24"
"159757","2.00","279","110","30","1.00","20.68","2018-10-04 12:01:34"
"159758","1.00","0","160","30","1.00","22.37","2018-10-04 12:01:34"
"159759","2.00","280","110","30","1.00","18.61","2018-10-04 12:01:49"
"159760","1.00","0","160","30","1.00","22.13","2018-10-04 12:01:49"
"159761","3.00","285","60","30","1.00","58.23","2018-10-04 12:02:00"
"159762","1.00","0","160","30","1.00","21.92","2018-10-04 12:02:00"
"159763","2.00","281","110","30","1.00","15.08","2018-10-04 12:02:08"
"159764","1.00","0","160","30","1.00","21.92","2018-10-04 12:02:08"
"159765","2.00","282","110","30","1.00","13.57","2018-10-04 12:02:29"
"159766","1.00","0","160","30","1.00","21.55","2018-10-04 12:02:29"
"159767","2.00","283","110","30","1.00","12.21","2018-10-04 12:02:46"
"159768","1.00","0","160","30","1.00","21.4","2018-10-04 12:02:46"
"159769","3.00","288","60","30","2.00","58.84","2018-10-04 12:03:10"
"159770","1.00","0","160","30","1.00","21.26","2018-10-04 12:03:10"
"159771","3.00","288","60","30","2.00","58.84","2018-10-04 12:03:10"
"159772","1.00","0","160","30","1.00","21.26","2018-10-04 12:03:10"
"159773","3.00","289","60","30","2.00","59.15","2018-10-04 12:03:26"
"159774","1.00","0","160","30","1.00","21.13","2018-10-04 12:03:26"
"159775","2.00","285","110","30","1.00","8.01","2018-10-04 12:03:36"
"159776","1.00","0","160","30","1.00","21.02","2018-10-04 12:03:36"
"159777","2.00","286","110","30","1.00","5.84","2018-10-04 12:04:01"
"159778","1.00","0","160","30","1.00","20.82","2018-10-04 12:04:01"
"159779","2.00","286","110","30","1.00","5.84","2018-10-04 12:04:01"
"159780","1.00","0","160","30","1.00","20.82","2018-10-04 12:04:01"
"159781","3.00","291","60","30","2.00","59.44","2018-10-04 12:04:23"
"159782","1.00","0","160","30","1.00","21.74","2018-10-04 12:04:23"
"159783","3.00","291","60","30","2.00","59.44","2018-10-04 12:04:23"
"159784","1.00","0","160","30","1.00","21.74","2018-10-04 12:04:23"
"159785","2.00","288","110","30","1.00","4.25","2018-10-04 12:04:44"
"159786","1.00","0","160","30","1.00","21.41","2018-10-04 12:04:44"
"159787","3.00","293","60","30","1.00","59.63","2018-10-04 12:05:12"
"159788","1.00","0","160","30","1.00","22.27","2018-10-04 12:05:12"
"159789","2.00","289","110","30","1.00","3.44","2018-10-04 12:05:13"
"159790","1.00","0","160","30","1.00","22.27","2018-10-04 12:05:13"
"159791","2.00","290","110","30","1.00","3.1","2018-10-04 12:05:48"
"159792","1.00","0","160","30","1.00","24.36","2018-10-04 12:05:48"
"159793","2.00","291","110","30","1.00","2.51","2018-10-04 12:06:10"
"159794","1.00","0","160","30","1.00","24.92","2018-10-04 12:06:10"
"159795","3.00","295","60","30","1.00","59.76","2018-10-04 12:06:18"
"159796","1.00","0","160","30","1.00","25.43","2018-10-04 12:06:18"
"159797","2.00","292","110","30","1.00","2.03","2018-10-04 12:06:34"
"159798","1.00","0","160","30","1.00","24.89","2018-10-04 12:06:34"
"159799","3.00","297","60","30","1.00","59.82","2018-10-04 12:06:54"
"159800","1.00","0","160","30","1.00","24.4","2018-10-04 12:06:54"
"159801","2.00","293","110","30","1.00","1.65","2018-10-04 12:06:54"
"159802","1.00","0","160","30","1.00","24.4","2018-10-04 12:06:54"
"159803","3.00","298","60","30","1.00","59.85","2018-10-04 12:07:14"
"159804","1.00","0","160","30","1.00","23.96","2018-10-04 12:07:14"
"159805","2.00","295","110","30","1.00","1.2","2018-10-04 12:07:33"
"159806","1.00","0","160","30","1.00","23.56","2018-10-04 12:07:33"
"159807","2.00","296","110","30","1.00","0.97","2018-10-04 12:07:52"
"159808","1.00","0","160","30","1.00","23.21","2018-10-04 12:07:52"
"159809","3.00","300","60","30","1.00","59.89","2018-10-04 12:08:00"
"159810","1.00","0","160","30","1.00","22.88","2018-10-04 12:08:00"
"159811","2.00","297","110","30","1.00","0.87","2018-10-04 12:08:26"
"159812","1.00","0","160","30","1.00","22.6","2018-10-04 12:08:26"
"159813","3.00","301","60","30","1.00","59.91","2018-10-04 12:08:34"
"159814","1.00","0","160","30","1.00","22.34","2018-10-04 12:08:34"
"159815","2.00","298","110","30","1.00","0.63","2018-10-04 12:08:49"
"159816","1.00","0","160","30","1.00","21.1","2018-10-04 12:08:49"
"159817","3.00","303","60","30","2.00","59.93","2018-10-04 12:09:32"
"159818","1.00","0","160","30","1.00","18.09","2018-10-04 12:09:32"
"159819","3.00","304","60","30","1.00","59.95","2018-10-04 12:09:38"
"159820","1.00","0","160","30","1.00","18.09","2018-10-04 12:09:38"
"159821","2.00","300","110","30","1.00","0.41","2018-10-04 12:09:58"
"159822","1.00","0","160","30","1.00","18.45","2018-10-04 12:09:58"
"159823","2.00","301","110","30","1.00","6.33","2018-10-04 12:10:04"
"159824","1.00","0","160","30","1.00","18.45","2018-10-04 12:10:04"
"159825","3.00","305","60","30","1.00","43.7","2018-10-04 12:10:06"
"159826","1.00","0","160","30","1.00","18.45","2018-10-04 12:10:06"
"159827","3.00","306","60","30","1.00","39.33","2018-10-04 12:10:32"
"159828","1.00","0","160","30","1.00","17.75","2018-10-04 12:10:32"
"159829","2.00","302","110","30","1.00","5.13","2018-10-04 12:10:38"
"159830","1.00","0","160","30","1.00","16.97","2018-10-04 12:10:38"
"159831","2.00","303","110","30","1.00","4.62","2018-10-04 12:11:00"
"159832","1.00","0","160","30","1.00","16.27","2018-10-04 12:11:00"
"159833","3.00","307","60","30","1.00","28.67","2018-10-04 12:11:04"
"159834","1.00","0","160","30","1.00","16.27","2018-10-04 12:11:04"
"159835","2.00","304","110","30","1.00","3.74","2018-10-04 12:11:18"
"159836","1.00","0","160","30","1.00","15.65","2018-10-04 12:11:18"
"159837","3.00","308","60","30","2.00","23.22","2018-10-04 12:11:30"
"159838","1.00","0","160","30","1.00","15.08","2018-10-04 12:11:30"
"159839","3.00","310","60","30","1.00","25.61","2018-10-04 12:12:20"
"159840","1.00","0","160","30","1.00","13.7","2018-10-04 12:12:20"
"159841","2.00","306","110","30","1.00","8.21","2018-10-04 12:12:34"
"159842","1.00","0","160","30","1.00","13.33","2018-10-04 12:12:34"
"159843","2.00","307","110","30","1.00","12.05","2018-10-04 12:12:48"
"159844","1.00","0","160","30","1.00","13","2018-10-04 12:12:48"
"159845","3.00","312","60","30","2.00","26.74","2018-10-04 12:13:04"
"159846","1.00","0","160","30","1.00","12.7","2018-10-04 12:13:04"
"159847","3.00","313","60","30","1.00","33.06","2018-10-04 12:13:26"
"159848","1.00","0","160","30","1.00","12.43","2018-10-04 12:13:26"
"159849","3.00","314","60","30","1.00","38.18","2018-10-04 12:13:56"
"159850","1.00","0","160","30","1.00","11.97","2018-10-04 12:13:56"
"159851","2.00","310","110","30","1.00","17.8","2018-10-04 12:14:10"
"159852","1.00","0","160","30","1.00","11.77","2018-10-04 12:14:10"
"159853","3.00","316","60","30","1.00","31.05","2018-10-04 12:14:36"
"159854","1.00","0","160","30","1.00","11.43","2018-10-04 12:14:36"
"159855","2.00","311","110","30","1.00","19.82","2018-10-04 12:14:42"
"159856","1.00","0","160","30","1.00","11.43","2018-10-04 12:14:42"
"159857","2.00","312","110","30","1.00","17.83","2018-10-04 12:14:55"
"159858","1.00","0","160","30","1.00","11.29","2018-10-04 12:14:55"
"159859","3.00","319","60","30","1.00","42.9","2018-10-04 12:15:46"
"159860","1.00","0","160","30","1.00","10.84","2018-10-04 12:15:46"
"159861","2.00","316","110","30","1.00","29.16","2018-10-04 12:16:28"
"159862","1.00","0","160","30","1.00","10.68","2018-10-04 12:16:28"
"159863","3.00","321","60","30","1.00","47.53","2018-10-04 12:16:32"
"159864","1.00","0","160","30","1.00","10.61","2018-10-04 12:16:32"
"159865","2.00","317","110","30","1.00","35.02","2018-10-04 12:16:54"
"159866","1.00","0","160","30","1.00","10.55","2018-10-04 12:16:54"
"159867","2.00","318","110","30","1.00","39.77","2018-10-04 12:17:18"
"159868","1.00","0","160","30","1.00","10.45","2018-10-04 12:17:18"
"159869","3.00","323","60","30","1.00","51.82","2018-10-04 12:17:28"
"159870","1.00","0","160","30","1.00","9.4","2018-10-04 12:17:28"
"159871","3.00","324","60","30","1.00","52.64","2018-10-04 12:17:46"
"159872","1.00","0","160","30","1.00","8.46","2018-10-04 12:17:46"
"159873","2.00","320","110","30","1.00","46.72","2018-10-04 12:18:10"
"159874","1.00","0","160","30","1.00","8.61","2018-10-04 12:18:10"
"159875","3.00","325","60","30","1.00","54.03","2018-10-04 12:18:10"
"159876","1.00","0","160","30","1.00","8.61","2018-10-04 12:18:10"
"159877","3.00","326","60","30","1.00","55.17","2018-10-04 12:18:42"
"159878","1.00","0","160","30","1.00","8.88","2018-10-04 12:18:42"
"159879","3.00","327","60","30","2.00","56.08","2018-10-04 12:18:54"
"159880","1.00","0","160","30","1.00","8.99","2018-10-04 12:18:54"
"159881","2.00","323","110","30","1.00","39.77","2018-10-04 12:19:12"
"159882","1.00","0","160","30","1.00","9.09","2018-10-04 12:19:12"
"159883","2.00","322","110","30","3.00","35.03","2018-10-04 12:19:16"
"159884","1.00","0","160","30","1.00","9.09","2018-10-04 12:19:16"
"159885","2.00","322","110","30","3.00","35.03","2018-10-04 12:19:22"
"159886","1.00","0","160","30","1.00","9.18","2018-10-04 12:19:22"
"159887","3.00","328","60","30","2.00","56.83","2018-10-04 12:19:26"
"159888","1.00","0","160","30","1.00","9.18","2018-10-04 12:19:26"
"159889","3.00","329","60","30","2.00","51.14","2018-10-04 12:19:44"
"159890","1.00","0","160","30","1.00","9.26","2018-10-04 12:19:44"
"159891","2.00","324","110","30","1.00","43.61","2018-10-04 12:19:58"
"159892","1.00","0","160","30","1.00","9.33","2018-10-04 12:19:58"
"159893","3.00","330","60","30","2.00","41.43","2018-10-04 12:20:00"
"159894","1.00","0","160","30","1.00","9.33","2018-10-04 12:20:00"
"159895","3.00","331","60","30","1.00","33.55","2018-10-04 12:20:30"
"159896","1.00","0","160","30","1.00","9.46","2018-10-04 12:20:30"
"159897","2.00","326","110","30","1.00","34.61","2018-10-04 12:20:36"
"159898","1.00","0","160","30","1.00","9.46","2018-10-04 12:20:36"
"159899","2.00","327","110","30","1.00","39.44","2018-10-04 12:20:56"
"159900","1.00","0","160","30","1.00","9.56","2018-10-04 12:20:56"
"159901","3.00","332","60","30","1.00","27.18","2018-10-04 12:21:02"
"159902","1.00","0","160","30","1.00","9.56","2018-10-04 12:21:02"
"159903","2.00","328","110","30","1.00","28.75","2018-10-04 12:21:12"
"159904","1.00","0","160","30","1.00","9.6","2018-10-04 12:21:12"
"159905","3.00","333","60","30","1.00","22.01","2018-10-04 12:21:22"
"159906","1.00","0","160","30","1.00","9.6","2018-10-04 12:21:22"
"159907","3.00","334","60","30","1.00","17.83","2018-10-04 12:22:02"
"159908","1.00","0","160","30","1.00","9.71","2018-10-04 12:22:02"
"159909","3.00","334","60","30","1.00","17.83","2018-10-04 12:22:02"
"159910","1.00","0","160","30","1.00","9.71","2018-10-04 12:22:02"
"159911","3.00","335","60","30","2.00","14.44","2018-10-04 12:22:16"
"159912","1.00","0","160","30","1.00","8.74","2018-10-04 12:22:16"
"159913","2.00","331","110","30","1.00","31.54","2018-10-04 12:22:34"
"159914","1.00","0","160","30","1.00","7.86","2018-10-04 12:22:34"
"159915","3.00","336","60","30","1.00","11.7","2018-10-04 12:22:44"
"159916","1.00","0","160","30","1.00","7.08","2018-10-04 12:22:44"
"159917","3.00","337","60","30","1.00","10.53","2018-10-04 12:23:00"
"159918","1.00","0","160","30","1.00","7.37","2018-10-04 12:23:00"
"159919","2.00","332","110","30","1.00","34.38","2018-10-04 12:23:06"
"159920","1.00","0","160","30","1.00","7.37","2018-10-04 12:23:06"
"159921","2.00","333","110","30","1.00","27.85","2018-10-04 12:23:20"
"159922","1.00","0","160","30","1.00","7.63","2018-10-04 12:23:20"
"159923","3.00","338","60","30","1.00","8.53","2018-10-04 12:23:22"
"159924","1.00","0","160","30","1.00","7.63","2018-10-04 12:23:22"
"159925","2.00","334","110","30","1.00","22.56","2018-10-04 12:23:40"
"159926","1.00","0","160","30","1.00","7.87","2018-10-04 12:23:40"
"159927","3.00","339","60","30","1.00","7.67","2018-10-04 12:23:42"
"159928","1.00","0","160","30","1.00","7.87","2018-10-04 12:23:42"
"159929","2.00","335","110","30","1.00","20.3","2018-10-04 12:24:04"
"159930","1.00","0","160","30","1.00","7.27","2018-10-04 12:24:04"
"159931","3.00","340","60","30","1.00","5.59","2018-10-04 12:24:10"
"159932","1.00","0","160","30","1.00","7.27","2018-10-04 12:24:10"
"159933","2.00","337","110","30","1.00","13.32","2018-10-04 12:24:40"
"159934","1.00","0","160","30","1.00","5.89","2018-10-04 12:24:40"
"159935","3.00","342","60","30","1.00","4.07","2018-10-04 12:25:00"
"159936","1.00","0","160","30","1.00","5.3","2018-10-04 12:25:00"
"159937","2.00","338","110","30","1.00","10.79","2018-10-04 12:25:14"
"159938","1.00","0","160","30","1.00","4.77","2018-10-04 12:25:14"
"159939","3.00","343","60","30","1.00","14.7","2018-10-04 12:25:26"
"159940","1.00","0","160","30","1.00","4.29","2018-10-04 12:25:26"
"159941","2.00","339","110","30","3.00","8.74","2018-10-04 12:25:38"
"159942","1.00","0","160","30","1.00","3.86","2018-10-04 12:25:38"
"159943","3.00","344","60","30","1.00","17.31","2018-10-04 12:25:54"
"159944","1.00","0","160","30","1.00","3.48","2018-10-04 12:25:54"
"159945","2.00","340","110","30","1.00","7.86","2018-10-04 12:25:56"
"159946","1.00","0","160","30","1.00","3.48","2018-10-04 12:25:56"
"159947","3.00","345","60","30","1.00","14.02","2018-10-04 12:26:18"
"159948","1.00","0","160","30","1.00","3.13","2018-10-04 12:26:18"
"159949","2.00","341","110","30","1.00","6.37","2018-10-04 12:26:26"
"159950","1.00","0","160","30","1.00","2.81","2018-10-04 12:26:26"
"159951","3.00","346","60","30","1.00","12.61","2018-10-04 12:26:34"
"159952","1.00","0","160","30","1.00","2.81","2018-10-04 12:26:34"
"159953","3.00","347","60","30","1.00","11.35","2018-10-04 12:26:54"
"159954","1.00","0","160","30","1.00","2.28","2018-10-04 12:26:54"
"159955","3.00","348","60","30","1.00","9.19","2018-10-04 12:27:18"
"159956","1.00","0","160","30","1.00","2.05","2018-10-04 12:27:18"
"159957","3.00","349","60","30","1.00","7.45","2018-10-04 12:27:42"
"159958","1.00","0","160","30","1.00","1.66","2018-10-04 12:27:42"
"159959","2.00","344","110","30","1.00","3.38","2018-10-04 12:27:49"
"159960","1.00","0","160","30","1.00","1.66","2018-10-04 12:27:49"
"159961","2.00","345","110","30","1.00","3.04","2018-10-04 12:27:56"
"159962","1.00","0","160","30","1.00","1.66","2018-10-04 12:27:56"
"159963","3.00","350","60","30","1.00","6.7","2018-10-04 12:27:58"
"159964","1.00","0","160","30","1.00","1.49","2018-10-04 12:27:58"
"159965","2.00","346","110","30","1.00","8.46","2018-10-04 12:28:22"
"159966","1.00","0","160","30","1.00","1.34","2018-10-04 12:28:22"
"159967","3.00","351","60","30","2.00","4.88","2018-10-04 12:28:38"
"159968","1.00","0","160","30","1.00","1.21","2018-10-04 12:28:38"
"159969","2.00","347","110","30","3.00","18.25","2018-10-04 12:28:52"
"159970","1.00","0","160","30","1.00","1.09","2018-10-04 12:28:52"
"159971","3.00","352","60","30","1.00","9.96","2018-10-04 12:29:11"
"159972","1.00","0","160","30","1.00","0.98","2018-10-04 12:29:11"
"159973","3.00","353","60","30","1.00","13.46","2018-10-04 12:29:22"
"159974","1.00","0","160","30","1.00","0.88","2018-10-04 12:29:22"
"159975","2.00","348","110","30","3.00","13.31","2018-10-04 12:29:30"
"159976","1.00","0","160","30","1.00","0.79","2018-10-04 12:29:30"
"159977","3.00","354","60","30","1.00","18.12","2018-10-04 12:29:38"
"159978","1.00","0","160","30","1.00","0.79","2018-10-04 12:29:38"
"159979","3.00","355","60","30","1.00","14.67","2018-10-04 12:29:58"
"159980","1.00","0","160","30","1.00","0.71","2018-10-04 12:29:58"
"159981","2.00","349","110","30","1.00","10.78","2018-10-04 12:30:04"
"159982","1.00","0","160","30","1.00","0.64","2018-10-04 12:30:04"
"159983","3.00","356","60","30","1.00","13.21","2018-10-04 12:30:20"
"159984","1.00","0","160","30","1.00","0.58","2018-10-04 12:30:20"
"159985","2.00","350","110","30","1.00","8.73","2018-10-04 12:30:22"
"159986","1.00","0","160","30","1.00","0.58","2018-10-04 12:30:22"
"159987","3.00","357","60","30","1.00","10.7","2018-10-04 12:30:46"
"159988","1.00","0","160","30","1.00","0.47","2018-10-04 12:30:46"
"159989","2.00","351","110","30","1.00","7.07","2018-10-04 12:30:50"
"159990","1.00","0","160","30","1.00","0.47","2018-10-04 12:30:50"
"159991","3.00","358","60","30","1.00","8.66","2018-10-04 12:31:10"
"159992","1.00","0","160","30","1.00","1.42","2018-10-04 12:31:10"
"159993","2.00","352","110","30","1.00","12.36","2018-10-04 12:31:12"
"159994","1.00","0","160","30","1.00","1.42","2018-10-04 12:31:12"
"159995","2.00","353","110","30","1.00","25.27","2018-10-04 12:31:34"
"159996","1.00","0","160","30","1.00","3.05","2018-10-04 12:31:34"
"159997","3.00","361","60","30","1.00","29.68","2018-10-04 12:32:30"
"159998","1.00","0","160","30","1.00","2","2018-10-04 12:32:30"
"159999","3.00","362","60","30","1.00","35.44","2018-10-04 12:32:38"
"160000","1.00","0","160","30","1.00","2","2018-10-04 12:32:38"
"160001","2.00","356","110","30","1.00","39.49","2018-10-04 12:32:52"
"160002","1.00","0","160","30","1.00","1.8","2018-10-04 12:32:52"
"160003","3.00","363","60","30","1.00","37.9","2018-10-04 12:32:54"
"160004","1.00","0","160","30","1.00","1.8","2018-10-04 12:32:54"
"160005","2.00","357","110","30","1.00","35.54","2018-10-04 12:33:00"
"160006","1.00","0","160","30","1.00","1.62","2018-10-04 12:33:00"
"160007","2.00","358","110","30","1.00","28.79","2018-10-04 12:33:28"
"160008","1.00","0","160","30","1.00","1.31","2018-10-04 12:33:28"
"160009","2.00","359","110","30","1.00","23.32","2018-10-04 12:34:02"
"160010","1.00","0","160","30","1.00","1.06","2018-10-04 12:34:02"
"160011","2.00","360","110","30","1.00","30.29","2018-10-04 12:34:18"
"160012","1.00","0","160","30","1.00","0.95","2018-10-04 12:34:18"
"160013","2.00","361","110","30","1.00","33.26","2018-10-04 12:34:46"
"160014","1.00","0","160","30","1.00","0.77","2018-10-04 12:34:46"
"160015","3.00","367","60","30","1.00","51.29","2018-10-04 12:34:49"
"160016","1.00","0","160","30","1.00","0.77","2018-10-04 12:34:49"
"160017","2.00","362","110","30","1.00","29.93","2018-10-04 12:35:03"
"160018","1.00","0","160","30","1.00","0.69","2018-10-04 12:35:03"
"160019","3.00","369","60","30","1.00","52.95","2018-10-04 12:35:23"
"160020","1.00","0","160","30","1.00","0.62","2018-10-04 12:35:23"
"160021","2.00","363","110","30","1.00","26.94","2018-10-04 12:35:24"
"160022","1.00","0","160","30","1.00","0.62","2018-10-04 12:35:24"
"160023","3.00","371","60","30","1.00","55.37","2018-10-04 12:36:08"
"160024","1.00","0","160","30","1.00","0.45","2018-10-04 12:36:08"
"160025","2.00","365","110","30","1.00","27.93","2018-10-04 12:36:18"
"160026","1.00","0","160","30","1.00","0.41","2018-10-04 12:36:18"
"160027","3.00","372","60","30","1.00","56.25","2018-10-04 12:36:32"
"160028","1.00","0","160","30","1.00","0.37","2018-10-04 12:36:32"
"160029","3.00","373","60","30","1.00","56.62","2018-10-04 12:36:52"
"160030","1.00","0","160","30","1.00","0.33","2018-10-04 12:36:52"
"160031","2.00","366","110","30","1.00","36.62","2018-10-04 12:36:55"
"160032","1.00","0","160","30","1.00","0.33","2018-10-04 12:36:55"
"160033","2.00","367","110","30","1.00","38.96","2018-10-04 12:37:07"
"160034","1.00","0","160","30","1.00","0.3","2018-10-04 12:37:07"
"160035","3.00","374","60","30","1.00","57.26","2018-10-04 12:37:14"
"160036","1.00","0","160","30","1.00","0.27","2018-10-04 12:37:14"
"160037","3.00","375","60","30","1.00","57.54","2018-10-04 12:37:34"
"160038","1.00","0","160","30","1.00","0.24","2018-10-04 12:37:34"
"160039","2.00","368","110","30","1.00","42.96","2018-10-04 12:37:38"
"160040","1.00","0","160","30","1.00","0.24","2018-10-04 12:37:38"
"160041","3.00","376","60","30","1.00","60","2018-10-04 12:37:51"
"160042","1.00","0","160","30","1.00","0.21","2018-10-04 12:37:51"
"160043","3.00","377","60","30","1.00","54","2018-10-04 12:38:06"
"160044","1.00","0","160","30","1.00","0.19","2018-10-04 12:38:06"
